app_id,rank,name,current_players,24h_peak,all_time_peak
730,1.,Counter-Strike 2,"664,902","1,427,869","1,862,531"
570,2.,Dota 2,"474,492","788,137","1,295,114"
1808500,3.,ARC Raiders,"224,842","273,369","481,966"
3419430,4.,Bongo Cat,"135,441","165,340","194,508"
2767030,5.,Marvel Rivals,"130,344","136,470","644,269"
105600,6.,Terraria,"129,857","178,742","489,886"
578080,7.,PUBG: BATTLEGROUNDS,"123,218","606,108","3,257,248"
1422450,8.,Deadlock,"91,241","117,346","171,490"
2676230,9.,FiveM,"72,781","123,527","136,093"
431960,10.,Wallpaper Engine,"68,588","126,343","150,375"
252490,11.,Rust,"64,097","140,165","262,284"
230410,12.,Warframe,"59,484","75,735","189,837"
413150,13.,Stardew Valley,"59,064","98,968","236,614"
1086940,14.,Baldur's Gate 3,"57,624","71,536","875,343"
218,15.,Source SDK Base 2007,"55,657","102,461","251,292"
2507950,16.,Delta Force,"54,664","156,781","247,028"
1172470,17.,Apex Legends,"54,260","158,268","624,473"
359550,18.,Tom Clancy's Rainbow Six® Siege X,"53,351","61,639","201,933"
381210,19.,Dead by Daylight,"50,577","72,597","120,717"
3240220,20.,Grand Theft Auto V Enhanced,"49,640","87,113","187,059"
440,21.,Team Fortress 2,"46,718","55,547","253,997"
322170,22.,Geometry Dash,"46,352","72,776","106,251"
438100,23.,VRChat,"44,064","49,703","73,791"
553850,24.,HELLDIVERS™ 2,"42,926","44,630","458,709"
271590,25.,Grand Theft Auto V Legacy,"41,835","111,895","364,548"
236390,26.,War Thunder,"40,560","83,725","121,318"
2807960,27.,Battlefield™ 6,"40,358","59,303","747,440"
2357570,28.,Overwatch® 2,"35,254","37,149","75,608"
4025700,29.,Heartopia,"35,113","56,241","64,170"
1174180,30.,Red Dead Redemption 2,"35,047","52,267","99,993"
377160,31.,Fallout 4,"34,405","44,227","472,962"
1938090,32.,Call of Duty®,"33,482","39,335","491,670"
1366800,33.,Crosshair X,"33,215","47,378","89,033"
1623730,34.,Palworld,"30,813","48,953","2,101,867"
1281930,35.,tModLoader,"29,604","44,004","56,583"
3405690,36.,EA SPORTS FC™ 26,"29,392","71,355","100,753"
1371980,37.,No Rest for the Wicked,"28,967","38,042","62,997"
2923300,38.,Banana,"28,687","33,594","917,272"
550,39.,Left 4 Dead 2,"28,468","30,037","162,399"
108600,40.,Project Zomboid,"26,914","34,849","65,505"
3564740,41.,Where Winds Meet,"26,266","56,802","251,008"
221100,42.,DayZ,"26,264","56,167","78,937"
1245620,43.,ELDEN RING,"26,199","35,439","953,426"
218620,44.,PAYDAY 2,"26,088","30,029","247,709"
289070,45.,Sid Meier's Civilization VI,"25,419","37,698","162,657"
1222670,46.,The Sims™ 4,"25,176","36,101","96,328"
480,47.,Spacewar,"24,829","62,345","138,416"
552990,48.,World of Warships,"24,729","29,479","411,338"
2622380,49.,ELDEN RING NIGHTREIGN,"24,265","59,020","313,593"
489830,50.,The Elder Scrolls V: Skyrim Special Edition,"23,934","31,323","69,906"
1091500,51.,Cyberpunk 2077,"23,927","31,491","1,054,388"
394360,52.,Hearts of Iron IV,"23,863","43,259","93,196"
294100,53.,RimWorld,"23,124","30,135","96,040"
3241660,54.,R.E.P.O.,"22,920","44,896","271,571"
1973530,55.,Limbus Company,"22,863","30,108","124,574"
251570,56.,7 Days to Die,"22,363","32,693","125,419"
252950,57.,Rocket League,"22,278","32,121","147,632"
39210,58.,FINAL FANTASY XIV Online,"22,043","24,298","95,150"
1151340,59.,Fallout 76,"21,104","25,796","73,368"
2694490,60.,Path of Exile 2,"20,987","35,901","578,569"
892970,61.,Valheim,"20,631","34,811","502,387"
2399830,62.,ARK: Survival Ascended,"20,413","32,210","98,047"
646570,63.,Slay the Spire,"20,362","30,482","57,025"
22380,64.,Fallout: New Vegas,"18,968","20,398","51,038"
582660,65.,Black Desert,"18,275","23,789","60,395"
2073620,66.,Arena Breakout: Infinite,"17,671","32,548","66,007"
250900,67.,The Binding of Isaac: Rebirth,"17,666","25,146","70,701"
1142710,68.,Total War: WARHAMMER III,"17,230","28,792","166,754"
238960,69.,Path of Exile,"17,126","32,423","229,337"
1771300,70.,Kingdom Come: Deliverance II,"16,992","29,920","256,206"
3472040,71.,NBA 2K26,"16,978","24,647","32,081"
3164500,72.,Schedule I,"16,945","19,510","459,075"
240,73.,Counter-Strike: Source,"16,564","19,986","100,056"
261550,74.,Mount & Blade II: Bannerlord,"16,231","28,649","248,216"
322330,75.,Don't Starve Together,"15,999","44,436","115,925"
4000,76.,Garry's Mod,"15,886","28,128","73,863"
813780,77.,Age of Empires II: Definitive Edition,"15,504","23,426","38,725"
1203620,78.,Enshrouded,"15,349","27,190","160,405"
1085660,79.,Destiny 2,"15,109","16,273","316,750"
3551340,80.,Football Manager 26,"15,107","49,869","84,909"
548430,81.,Deep Rock Galactic,"14,878","26,447","54,160"
1203220,82.,NARAKA: BLADEPOINT,"14,790","72,141","385,770"
2246340,83.,Monster Hunter Wilds,"14,729","25,879","1,384,608"
346110,84.,ARK: Survival Evolved,"14,713","27,536","248,405"
3527290,85.,PEAK,"14,665","22,167","170,759"
427520,86.,Factorio,"14,513","23,222","118,674"
526870,87.,Satisfactory,"14,474","23,732","186,158"
284160,88.,BeamNG.drive,"14,140","28,585","38,775"
1158310,89.,Crusader Kings III,"14,095","20,682","98,872"
2073850,90.,THE FINALS,"14,084","16,854","242,619"
739630,91.,Phasmophobia,"13,178","19,837","112,717"
2300320,92.,Farming Simulator 25,"12,622","41,069","135,970"
1905180,93.,OBS Studio,"12,564","26,620","30,856"
1449850,94.,Yu-Gi-Oh! Master Duel,"12,429","17,624","262,689"
281990,95.,Stellaris,"12,226","16,982","68,602"
3224770,96.,Umamusume: Pretty Derby,"12,121","16,967","87,453"
1364780,97.,Street Fighter™ 6,"12,116","33,780","70,573"
216150,98.,MapleStory,"12,099","12,099","17,750"
1313140,99.,Cult of the Lamb,"11,639","14,915","61,780"
2139460,100.,Once Human,"11,567","18,725","231,668"
286160,101.,Tabletop Simulator,"11,501","13,601","37,198"
8930,102.,Sid Meier's Civilization V,"11,419","16,912","91,363"
227300,103.,Euro Truck Simulator 2,"11,295","46,649","72,678"
2379780,104.,Balatro,"11,046","12,241","43,905"
1903340,105.,Clair Obscur: Expedition 33,"10,638","16,663","145,063"
2252570,106.,Football Manager 2024,"10,586","22,040","89,478"
1551360,107.,Forza Horizon 5,"10,353","22,731","81,096"
3932890,108.,Escape from Tarkov,"10,303","19,651","47,800"
2397300,109.,Half Sword,"10,301","11,902","21,604"
2183900,110.,"Warhammer 40,000: Space Marine 2","10,183","14,423","225,690"
4198760,111.,Nioh 3 Demo,"10,114","24,949","39,227"
291550,112.,Brawlhalla,"10,036","13,770","34,816"
629520,113.,Soundpad,"9,971","18,811","40,096"
1030300,114.,Hollow Knight: Silksong,"9,787","13,857","587,150"
1874880,115.,Arma Reforger,"9,701","14,340","23,050"
1665460,116.,eFootball™,"9,446","16,830","27,993"
2050650,117.,Resident Evil 4,"9,190","11,403","168,191"
1325860,118.,VTube Studio,"9,180","18,263","23,651"
304930,119.,Unturned,"9,175","11,330","112,703"
3405340,120.,Megabonk,"8,982","13,276","117,336"
270880,121.,American Truck Simulator,"8,964","10,171","19,153"
2141910,122.,Magic: The Gathering Arena,"8,949","11,045","18,047"
1476970,123.,Legends of Idleon MMO,"8,754","10,957","21,533"
1454400,124.,Cookie Clicker,"8,741","10,563","67,867"
306130,125.,The Elder Scrolls Online,"8,720","13,533","49,234"
594650,126.,Hunt: Showdown 1896,"8,688","24,925","60,124"
365670,127.,Blender,"8,489","13,425","15,236"
292030,128.,The Witcher 3: Wild Hunt,"8,439","20,907","103,329"
3513350,129.,Wuthering Waves,"8,381","14,025","40,721"
3037410,130.,Fish Idle 2: Underwater Mystery,"8,079","8,588","44,430"
960090,131.,Bloons TD 6,"8,064","11,017","53,943"
766570,132.,Russian Fishing 4,"8,052","22,703","28,073"
2016590,133.,Dark and Darker,"8,038","10,038","57,164"
4128260,134.,Highguard,"7,992","9,619","97,249"
1623660,135.,MIR4,"7,897","11,544","97,173"
3659280,136.,Off The Grid,"7,873","11,444","15,092"
513710,137.,SCUM,"7,862","15,548","68,322"
435150,138.,Divinity: Original Sin 2,"7,652","10,661","93,701"
1145350,139.,Hades II,"7,621","8,965","112,947"
582010,140.,Monster Hunter: World,"7,607","17,260","334,684"
457140,141.,Oxygen Not Included,"7,559","12,875","27,486"
1326470,142.,Sons Of The Forest,"7,491","13,224","414,257"
367520,143.,Hollow Knight,"7,443","10,461","95,655"
1588550,144.,Cairn,"7,292","11,885","14,996"
945360,145.,Among Us,"7,057","10,798","447,476"
1149460,146.,Icarus,"7,019","11,589","52,501"
632360,147.,Risk of Rain 2,"6,979","7,914","75,406"
1283970,148.,YoloMouse,"6,936","10,563","12,547"
3230400,149.,EA SPORTS™ Madden NFL 26,"6,922","7,635","8,157"
2437170,150.,SMITE 2,"6,753","7,382","21,481"
393380,151.,Squad,"6,742","13,844","38,573"
1361210,152.,"Warhammer 40,000: Darktide","6,678","8,342","108,395"
2763740,153.,Revolution Idle,"6,675","8,719","20,515"
1920960,154.,VPet,"6,633","11,071","85,551"
275850,155.,No Man's Sky,"6,606","9,629","212,613"
949230,156.,Cities: Skylines II,"6,384","10,317","104,697"
255710,157.,Cities: Skylines,"6,378","10,311","60,386"
244210,158.,Assetto Corsa,"6,350","14,762","20,299"
990080,159.,Hogwarts Legacy,"6,344","12,531","879,308"
1466860,160.,Age of Empires IV: Anniversary Edition,"6,282","12,661","73,928"
2426960,161.,Summoners War,"6,272","10,125","22,281"
2358720,162.,Black Myth: Wukong,"6,257","15,576","2,415,714"
376210,163.,The Isle,"6,195","10,052","14,131"
107410,164.,Arma 3,"6,147","11,025","56,679"
1599340,165.,Lost Ark,"6,134","8,867","1,325,305"
2707930,166.,Palia,"6,077","8,116","18,179"
2669320,167.,EA SPORTS FC 25,"6,006","12,474","110,026"
976730,168.,Halo: The Master Chief Collection,"5,890","6,698","161,024"
1304930,169.,The Outlast Trials,"5,835","6,741","36,689"
2661300,170.,Grounded 2,"5,816","8,982","49,836"
1468810,171.,鬼谷八荒 Tale of Immortal,"5,696","13,236","184,171"
1295660,172.,Sid Meier's Civilization VII,"5,692","7,703","84,558"
761890,173.,Albion Online,"5,638","10,327","27,227"
2362060,174.,CODE VEIN II,"5,632","8,244","11,499"
2344520,175.,Diablo® IV,"5,625","7,674","55,561"
1049590,176.,Eternal Return,"5,576","20,662","52,853"
236850,177.,Europa Universalis IV,"5,375","9,688","48,165"
1687950,178.,Persona 5 Royal,"5,323","8,440","35,474"
440900,179.,Conan Exiles,"5,278","7,985","53,402"
371970,180.,Barony,"5,242","5,875","6,790"
431730,181.,Aseprite,"5,242","6,131","6,845"
1812620,182.,DSX,"5,206","6,617","8,794"
311210,183.,Call of Duty: Black Ops III,"5,197","5,688","63,681"
262060,184.,Darkest Dungeon®,"5,089","8,453","20,064"
2742830,185.,Monster Train 2,"5,060","5,067","18,503"
2062430,186.,BALL x PIT,"4,993","5,722","35,402"
2956680,187.,LORT,"4,986","6,198","9,899"
304390,188.,FOR HONOR,"4,973","5,803","225,831"
1974050,189.,Torchlight: Infinite,"4,963","9,513","23,715"
2878980,190.,NBA 2K25,"4,890","10,925","56,948"
10,191.,Counter-Strike,"4,888","13,690","319,586"
1617400,192.,The Bazaar,"4,879","7,404","8,069"
648800,193.,Raft,"4,858","9,708","101,096"
3450310,194.,Europa Universalis V,"4,833","10,740","77,320"
2799860,195.,INAZUMA ELEVEN: Victory Road,"4,660","9,964","52,795"
1778820,196.,TEKKEN 8,"4,652","6,682","49,977"
3271000,197.,SEGA FOOTBALL CLUB CHAMPIONS,"4,650","8,370","10,488"
1631270,198.,StarRupture,"4,594","9,232","42,864"
1172710,199.,Dune: Awakening,"4,565","7,655","189,333"
1284210,200.,Guild Wars 2®,"4,557","7,434","10,875"
1144200,201.,Ready or Not,"4,508","6,180","55,174"
2429640,202.,THRONE AND LIBERTY,"4,481","8,478","336,300"
1966720,203.,Lethal Company,"4,459","5,742","240,817"
233860,204.,Kenshi,"4,386","5,688","11,654"
2186680,205.,"Warhammer 40,000: Rogue Trader","4,377","7,244","45,405"
993090,206.,Lossless Scaling,"4,358","7,478","20,903"
1366540,207.,Dyson Sphere Program,"4,338","8,210","59,815"
3949040,208.,RV There Yet?,"4,296","10,054","100,002"
2709570,209.,Supermarket Together,"4,275","9,640","47,836"
1329410,210.,雀魂麻将(MahjongSoul),"4,264","11,766","39,075"
1607250,211.,MY HERO ULTRA RUMBLE,"4,260","4,574","46,591"
815370,212.,Green Hell,"4,255","11,672","20,259"
2584990,213.,Shadowverse: Worlds Beyond,"4,253","9,787","120,488"
1942280,214.,Brotato,"4,211","7,900","38,905"
3199170,215.,BLOODSTRIKE,"4,167","5,175","6,680"
529340,216.,Victoria 3,"4,117","6,277","70,100"
714010,217.,Aimlabs,"4,030","6,819","15,141"
1465360,218.,SnowRunner,"4,004","9,839","12,027"
1172620,219.,Sea of Thieves,"3,995","7,776","66,906"
1286830,220.,STAR WARS™: The Old Republic™,"3,989","5,853","34,210"
1426210,221.,It Takes Two,"3,985","21,044","71,039"
379430,222.,Kingdom Come: Deliverance,"3,905","7,807","96,069"
3419520,223.,Quarantine Zone: The Last Check,"3,862","7,004","31,653"
1009850,224.,OVR Advanced Settings,"3,843","4,758","6,842"
1446780,225.,MONSTER HUNTER RISE,"3,810","9,137","231,360"
655500,226.,MX Bikes,"3,789","4,378","5,369"
1818450,227.,STALCRAFT: X,"3,717","21,481","40,311"
2074920,228.,The First Descendant,"3,671","5,010","264,860"
3557620,229.,Blue Archive,"3,664","5,210","27,077"
2642680,230.,Half Sword Demo,"3,657","5,742","15,366"
1604030,231.,V Rising,"3,614","6,015","150,645"
374320,232.,DARK SOULS™ III,"3,590","5,026","129,975"
779340,233.,Total War: THREE KINGDOMS,"3,572","7,789","192,298"
242760,234.,The Forest,"3,569","6,189","109,397"
12210,235.,Grand Theft Auto IV: The Complete Edition,"3,566","6,075","11,696"
962130,236.,Grounded,"3,564","6,098","32,012"
3198850,237.,Play Together,"3,559","5,664","7,633"
3427660,238.,Waifusitter,"3,522","10,786","11,489"
1991040,239.,学生时代,"3,480","8,536","8,662"
3301060,240.,Desktop Mate,"3,474","5,329","23,420"
1812450,241.,Bellwright,"3,435","6,620","15,263"
359320,242.,Elite Dangerous,"3,426","5,377","28,923"
977400,243.,Cell to Singularity - Evolution Never Ends,"3,387","4,475","7,340"
1267910,244.,Melvor Idle,"3,382","3,986","11,867"
2221490,245.,Tom Clancy's The Division 2,"3,374","4,749","14,858"
1621690,246.,Core Keeper,"3,371","5,313","46,465"
1285190,247.,Borderlands® 4,"3,368","4,593","304,398"
1145360,248.,Hades,"3,319","4,222","54,240"
2471100,249.,Unnamed Space Idle,"3,292","4,340","6,385"
8500,250.,EVE Online,"3,285","4,884","10,627"
1260320,251.,Party Animals,"3,274","9,508","104,174"
1284190,252.,The Planet Crafter,"3,272","5,699","28,416"
3564400,253.,ウマ娘 プリティーダービー,"3,264","6,840","12,975"
518790,254.,theHunter: Call of the Wild™,"3,256","5,915","25,235"
427410,255.,Abiotic Factor,"3,236","3,445","29,278"
586350,256.,UBERMOSH:WRAITH,"3,190","3,330","9,620"
2592160,257.,Dispatch,"3,189","3,833","220,060"
1716740,258.,Starfield,"3,142","4,010","330,723"
686810,259.,Hell Let Loose,"3,141","6,088","21,385"
214950,260.,Total War: ROME II - Emperor Edition,"3,112","6,298","118,240"
1891700,261.,Tap Ninja,"3,098","4,087","4,817"
2840770,262.,Avatar: Frontiers of Pandora,"3,080","5,179","15,283"
2001120,263.,Split Fiction,"3,072","11,388","259,003"
1407200,264.,World of Tanks,"3,060","12,048","24,172"
2208920,265.,Assassin's Creed Valhalla,"3,056","6,703","19,181"
3167020,266.,Escape from Duckov,"3,049","7,233","301,322"
1868140,267.,DAVE THE DIVER,"3,043","6,596","98,480"
1222140,268.,Detroit: Become Human,"2,999","6,910","25,615"
1147690,269.,NGU IDLE,"2,992","3,676","8,032"
3545060,270.,Team Fortress 2 Classified,"2,960","4,193","9,395"
264710,271.,Subnautica,"2,950","4,348","51,156"
814380,272.,Sekiro™: Shadows Die Twice,"2,947","5,353","125,315"
588430,273.,Fallout Shelter,"2,939","5,336","42,656"
1466060,274.,Tainted Grail: The Fall of Avalon,"2,907","4,812","25,656"
1568590,275.,Goose Goose Duck,"2,889","22,110","702,845"
2215430,276.,Ghost of Tsushima DIRECTOR'S CUT,"2,882","4,680","77,154"
700330,277.,SCP: Secret Laboratory,"2,869","6,331","13,908"
1328670,278.,Mass Effect™ Legendary Edition,"2,860","4,293","59,817"
1794680,279.,Vampire Survivors,"2,847","3,195","77,061"
933110,280.,Age of Empires III: Definitive Edition,"2,812","4,697","20,146"
2138720,281.,REMATCH,"2,800","4,380","92,841"
544810,282.,KARDS - The WWII Card Game,"2,791","4,569","8,966"
2537590,283.,Microsoft Flight Simulator 2024,"2,784","5,363","24,863"
1343400,284.,RuneScape,"2,770","3,510","12,569"
1546320,285.,Your Chronicle,"2,754","3,277","4,155"
2322010,286.,God of War Ragnarök,"2,747","4,530","35,615"
3548580,287.,Chill with You Lo-Fi Story,"2,719","4,029","10,509"
244850,288.,Space Engineers,"2,713","4,404","23,888"
1062090,289.,Timberborn,"2,699","4,164","13,045"
883710,290.,Resident Evil 2,"2,696","3,424","74,227"
268500,291.,XCOM 2,"2,681","3,857","133,022"
400750,292.,Call to Arms - Gates of Hell: Ostfront,"2,680","4,796","8,950"
1248130,293.,Farming Simulator 22,"2,666","9,875","105,636"
4333400,294.,RedM,"2,665","5,274","5,863"
1240440,295.,Halo Infinite,"2,659","2,749","272,586"
812140,296.,Assassin's Creed Odyssey,"2,646","5,230","62,069"
3070070,297.,TCG Card Shop Simulator,"2,641","2,810","53,453"
601510,298.,Yu-Gi-Oh! Duel Links,"2,596","3,174","21,520"
431240,299.,Golf With Your Friends,"2,578","3,738","20,750"
1363080,300.,Manor Lords,"2,577","5,488","173,178"
2909400,301.,FINAL FANTASY VII REBIRTH,"2,572","2,860","40,564"
4124950,302.,Ashes of Creation,"2,572","3,765","31,882"
1158160,303.,Coral Island,"2,556","2,922","15,418"
3606890,304.,Upload Labs,"2,527","3,503","15,592"
1774580,305.,STAR WARS Jedi: Survivor™,"2,522","3,946","67,855"
356190,306.,Middle-earth™: Shadow of War™,"2,519","3,113","68,183"
1401590,307.,Disney Dreamlight Valley,"2,499","3,949","14,314"
3059520,308.,F1® 25,"2,497","6,667","22,595"
392160,309.,X4: Foundations,"2,450","4,314","15,198"
2670630,310.,Supermarket Simulator,"2,440","4,331","51,363"
357070,311.,UBERMOSH,"2,437","2,468","7,239"
1258080,312.,Shop Titans,"2,428","3,689","7,990"
1196590,313.,Resident Evil Village,"2,412","2,973","106,631"
1250410,314.,Microsoft Flight Simulator (2020),"2,411","4,568","61,829"
1068820,315.,OVR Toolkit,"2,396","2,746","5,176"
2384580,316.,DYNASTY WARRIORS: ORIGINS,"2,374","7,362","69,483"
2250040,317.,Crosshair V2,"2,368","3,826","22,805"
1934680,318.,Age of Mythology: Retold,"2,361","3,885","25,879"
570940,319.,DARK SOULS™: REMASTERED,"2,358","3,301","24,501"
4700,320.,Total War: MEDIEVAL II - Definitive Edition,"2,356","5,135","8,453"
1462040,321.,FINAL FANTASY VII REMAKE INTERGRADE,"2,347","2,518","13,803"
3590,322.,Plants vs. Zombies: Game of the Year,"2,329","3,530","16,225"
1643320,323.,S.T.A.L.K.E.R. 2: Heart of Chornobyl,"2,324","7,413","121,335"
2325290,324.,Sky: Children of the Light,"2,317","4,411","8,806"
1659040,325.,HITMAN World of Assassination,"2,297","3,754","10,925"
48700,326.,Mount & Blade: Warband,"2,284","4,360","33,054"
232090,327.,Killing Floor 2,"2,284","3,230","69,987"
444200,328.,World of Tanks Blitz,"2,284","9,199","56,669"
1569580,329.,Blue Prince,"2,235","2,817","19,243"
2161700,330.,Persona 3 Reload,"2,225","2,699","45,002"
1129580,331.,Medieval Dynasty,"2,219","5,655","31,057"
1482520,332.,Space Station 14 Playtest,"2,206","3,517","4,504"
3681810,333.,Blue Protocol: Star Resonance,"2,204","2,737","94,459"
703080,334.,Planet Zoo,"2,198","4,076","38,630"
1593500,335.,God of War,"2,182","3,476","73,529"
1282100,336.,Remnant II,"2,173","3,074","110,856"
552500,337.,Warhammer: Vermintide 2,"2,165","4,383","104,323"
305620,338.,The Long Dark,"2,155","3,657","14,707"
1237950,339.,STAR WARS™ Battlefront™ II,"2,150","3,364","35,892"
2623190,340.,The Elder Scrolls IV: Oblivion Remastered,"2,145","2,741","216,784"
1222680,341.,Need for Speed™ Heat,"2,143","3,512","86,196"
3354750,342.,skate.,"2,143","2,563","134,901"
221380,343.,Age of Empires II (2013),"2,140","3,376","27,927"
3213850,344.,gogh: Focus with Your Avatar,"2,133","3,132","8,236"
1184370,345.,Pathfinder: Wrath of the Righteous - Enhanced Edition,"2,128","3,192","46,724"
4294230,346.,Typing Farmer(Demo),"2,126","2,866","3,764"
219990,347.,Grim Dawn,"2,120","3,298","61,458"
627690,348.,Idle Champions of the Forgotten Realms,"2,114","2,536","18,578"
400040,349.,ShareX,"2,108","3,598","4,029"
1997040,350.,MARVEL SNAP,"2,106","3,249","18,967"
1599600,351.,PlateUp!,"2,105","2,339","12,460"
1293830,352.,Forza Horizon 4,"2,088","5,752","75,689"
3159330,353.,Assassin's Creed Shadows,"2,088","4,061","64,825"
3985950,354.,R.I.P. - Reincarnation Insurance Program,"2,071","4,707","5,801"
495420,355.,State of Decay 2,"2,066","2,920","22,728"
699130,356.,World War Z,"2,051","4,641","8,036"
1677280,357.,Company of Heroes 3,"2,049","3,891","36,646"
1824220,358.,Chivalry 2,"2,049","2,314","16,959"
1447430,359.,小黑盒加速器,"2,043","4,801","11,085"
824270,360.,KovaaK's,"2,037","3,371","3,512"
1922560,361.,Plants vs. Zombies™ Garden Warfare 2: Deluxe Edition,"2,033","2,127","9,670"
49520,362.,Borderlands 2,"2,032","2,598","124,678"
220200,363.,Kerbal Space Program,"2,018","2,854","19,149"
1206560,364.,WorldBox - God Simulator,"2,014","2,267","11,034"
602960,365.,Barotrauma,"2,002","3,946","19,655"
934700,366.,Dead Island 2,"1,998","3,161","18,721"
3489700,367.,Stellar Blade™,"1,992","4,030","192,078"
1128810,368.,RISK: Global Domination,"1,990","3,261","11,716"
1172380,369.,STAR WARS Jedi: Fallen Order™,"1,989","3,284","46,550"
2552430,370.,KINGDOM HEARTS -HD 1.5+2.5 ReMIX-,"1,972","2,128","11,152"
1190970,371.,House Flipper 2,"1,964","3,100","21,945"
1229490,372.,ULTRAKILL,"1,963","2,583","28,076"
3669570,373.,Alchemy Factory,"1,962","3,134","7,015"
239140,374.,Dying Light,"1,961","3,906","45,876"
1029690,375.,Sniper Elite 5,"1,956","3,746","14,870"
2051620,376.,Enlisted,"1,953","4,956","7,518"
1238840,377.,Battlefield™ 1,"1,952","5,464","53,714"
342940,378.,Project: Gorgon,"1,944","2,077","2,236"
380600,379.,Fishing Planet,"1,939","4,515","9,926"
2072560,380.,DRAGON BALL GEKISHIN SQUADRA,"1,916","2,272","13,908"
208650,381.,Batman™: Arkham Knight,"1,910","2,661","27,406"
32470,382.,STAR WARS™ Empire at War: Gold Pack,"1,904","2,425","5,716"
2948190,383.,World of Sea Battle,"1,895","3,779","4,895"
2444750,384.,Shape of Dreams,"1,893","3,625","45,773"
2321470,385.,Deep Rock Galactic: Survivor,"1,884","3,054","56,943"
2808930,386.,Lust Goddess,"1,883","3,077","5,885"
1290000,387.,PowerWash Simulator,"1,873","2,111","14,178"
1118200,388.,People Playground,"1,871","3,469","17,015"
3164330,389.,Infinity Nikki,"1,865","2,858","6,954"
961200,390.,Predecessor,"1,852","2,044","7,339"
2071280,391.,Ravenswatch,"1,821","2,798","10,018"
323190,392.,Frostpunk,"1,817","4,029","29,361"
985810,393.,GrandChase,"1,813","2,676","79,883"
3478870,394.,GeoGuessr Steam Edition,"1,808","5,336","5,980"
644930,395.,They Are Billions,"1,799","3,295","22,395"
389430,396.,Knight Online,"1,783","2,020","24,594"
2288150,397.,ROMANCE OF THE THREE KINGDOMS 8 REMAKE,"1,783","4,269","18,948"
1325200,398.,Nioh 2 – The Complete Edition,"1,769","3,487","41,325"
1176470,399.,Terra Invicta,"1,767","2,643","9,826"
1604270,400.,Broken Arrow,"1,758","3,357","38,753"
916440,401.,Anno 1800,"1,757","3,793","25,302"
1817070,402.,Marvel’s Spider-Man Remastered,"1,749","2,478","66,436"
2315040,403.,火炬之光：无限,"1,748","3,643","10,025"
3595230,404.,Call of Duty®: Modern Warfare® II,"1,741","2,933","4,407"
2142790,405.,Fields of Mistria,"1,737","1,961","12,452"
588650,406.,Dead Cells,"1,735","3,428","14,910"
835570,407.,Conqueror's Blade,"1,733","5,260","19,178"
1066780,408.,Transport Fever 2,"1,728","4,930","24,308"
386360,409.,SMITE,"1,725","1,796","31,169"
1984270,410.,Digimon Story Time Stranger,"1,717","1,936","84,458"
1973710,411.,ヘブンバーンズレッド,"1,711","4,677","20,201"
268910,412.,Cuphead,"1,703","2,412","19,026"
325610,413.,Total War: ATTILA,"1,702","3,768","26,346"
877280,414.,SAO Utils 2: Progressive,"1,697","3,373","6,966"
728880,415.,Overcooked! 2,"1,676","6,949","17,356"
363970,416.,Clicker Heroes,"1,664","2,339","65,882"
881100,417.,Noita,"1,653","2,294","9,256"
1167630,418.,Teardown,"1,644","3,650","8,339"
2452280,419.,Mecha BREAK,"1,641","2,893","132,816"
1535560,420.,Farmer Against Potatoes Idle,"1,616","2,093","8,951"
2878960,421.,WWE 2K25,"1,615","2,310","6,018"
34330,422.,Total War: SHOGUN 2,"1,612","2,453","54,115"
2531310,423.,The Last of Us™ Part II Remastered,"1,612","2,846","30,690"
1669000,424.,Age of Wonders 4,"1,610","2,459","42,877"
1189490,425.,觅长生,"1,603","3,825","26,379"
231430,426.,Company of Heroes 2,"1,598","3,189","164,688"
1943950,427.,Escape the Backrooms,"1,598","5,587","48,879"
3750430,428.,天外 : 英雄 Online,"1,594","2,181","2,261"
1677740,429.,Stumble Guys,"1,593","4,064","43,705"
1790600,430.,DRAGON BALL: Sparking! ZERO,"1,578","1,906","122,554"
3061570,431.,Persona5: The Phantom X,"1,578","2,358","41,622"
1787090,432.,MyDockFinder,"1,577","2,571","3,869"
2427700,433.,Backpack Battles,"1,576","2,935","36,557"
2385530,434.,PGA TOUR 2K25,"1,575","1,683","8,330"
10500,435.,Total War: EMPIRE - Definitive Edition,"1,563","3,081","27,559"
335300,436.,DARK SOULS™ II: Scholar of the First Sin,"1,562","2,159","12,106"
1343370,437.,Old School RuneScape,"1,557","1,843","6,151"
1374490,438.,RuneScape: Dragonwilds,"1,556","1,920","52,641"
1013320,439.,Firestone – Idle Clicker Online RPG,"1,552","2,171","3,343"
534380,440.,Dying Light 2: Reloaded Edition,"1,547","3,348","274,983"
1237970,441.,Titanfall® 2,"1,547","1,872","27,631"
1256670,442.,Library Of Ruina,"1,534","2,343","8,015"
3008130,443.,Dying Light: The Beast,"1,524","2,886","121,222"
2420110,444.,Horizon Forbidden West™ Complete Edition,"1,519","3,023","40,462"
2968420,445.,PowerWash Simulator 2,"1,518","1,868","21,150"
2205850,446.,"Dwarves: Glory, Death and Loot","1,516","3,042","5,205"
568220,447.,Lobotomy Corporation,"1,499","2,294","7,928"
3595270,448.,Call of Duty®: Modern Warfare® III,"1,478","1,962","3,708"
3413340,449.,Wallpaper Play,"1,473","2,515","2,898"
2668510,450.,Red Dead Redemption,"1,469","2,038","8,697"
1627720,451.,Lies of P,"1,459","2,079","30,095"
1783560,452.,The Last Caretaker,"1,459","2,607","10,767"
620,453.,Portal 2,"1,457","2,309","98,460"
1904540,454.,Football Manager 2023,"1,457","3,294","83,715"
1995520,455.,Pax Dei,"1,456","2,804","11,531"
3116890,456.,Out of the Park Baseball 26,"1,451","1,556","1,776"
471710,457.,Rec Room,"1,445","1,837","7,154"
1857950,458.,VEIN,"1,445","1,662","11,073"
221040,459.,Resident Evil 6,"1,442","1,525","11,879"
2349820,460.,Hero's Land,"1,442","2,451","37,249"
3707400,461.,On-Together: Virtual Co-Working,"1,441","1,981","2,099"
2918150,462.,ONE PIECE Bounty Rush,"1,439","2,848","5,455"
397540,463.,Borderlands 3,"1,431","2,018","93,820"
361420,464.,ASTRONEER,"1,430","2,265","17,986"
2651280,465.,Marvel's Spider-Man 2,"1,430","2,038","28,189"
1594320,466.,Captain of Industry,"1,428","2,634","11,121"
784080,467.,MechWarrior 5: Mercenaries,"1,423","1,581","6,476"
2897580,468.,Idle Hero TD,"1,423","1,756","1,815"
1336490,469.,Against the Storm,"1,422","1,936","12,832"
288470,470.,Fable Anniversary,"1,421","1,922","6,186"
418370,471.,Resident Evil 7 Biohazard,"1,415","1,853","20,449"
637090,472.,BATTLETECH,"1,414","1,676","35,767"
552520,473.,Far Cry 5,"1,411","3,361","92,445"
2679460,474.,Metaphor: ReFantazio,"1,410","1,577","85,961"
1190000,475.,Car Mechanic Simulator 2021,"1,405","2,822","22,561"
1092790,476.,Inscryption,"1,403","1,576","17,072"
1527950,477.,Wartales,"1,399","2,789","35,879"
4248000,478.,How Many Dudes? Demo,"1,394","2,058","3,306"
3314790,479.,CloverPit,"1,392","1,533","25,190"
220,480.,Half-Life 2,"1,383","2,510","64,085"
508440,481.,Totally Accurate Battle Simulator,"1,380","1,910","13,674"
225540,482.,Just Cause 3,"1,361","2,245","23,459"
2135150,483.,Elin,"1,348","2,033","18,239"
784150,484.,Workers & Resources: Soviet Republic,"1,340","4,224","8,264"
460930,485.,Tom Clancy's Ghost Recon® Wildlands,"1,339","2,002","45,704"
1173510,486.,XSOverlay,"1,332","2,811","4,126"
582160,487.,Assassin's Creed Origins,"1,325","2,921","41,551"
1282270,488.,Strinova,"1,321","3,057","38,043"
504230,489.,Celeste,"1,312","1,659","7,782"
1671210,490.,DELTARUNE,"1,310","1,591","133,930"
635260,491.,CarX Drift Racing Online,"1,305","1,971","5,369"
2515020,492.,FINAL FANTASY XVI,"1,304","1,572","27,508"
2113850,493.,Spirit City: Lofi Sessions,"1,303","1,965","4,212"
433850,494.,Z1 Battle Royale,"1,301","1,301","151,239"
872410,495.,ROMANCE OF THE THREE KINGDOMS XIV,"1,301","2,810","16,482"
2124490,496.,SILENT HILL 2,"1,297","1,613","23,676"
3059070,497.,The Headliners,"1,296","1,844","6,315"
8800,498.,Sid Meier's Civilization IV: Beyond the Sword,"1,291","1,896","2,791"
3910,499.,Sid Meier's Civilization III: Complete,"1,290","1,751","4,600"
1259420,500.,Days Gone,"1,281","2,482","27,450"
365360,501.,Battle Brothers,"1,280","2,135","8,060"
2456740,502.,inZOI,"1,275","1,925","87,377"
1940340,503.,Darkest Dungeon® II,"1,268","1,796","23,800"
2231380,504.,Ghost Recon Breakpoint,"1,266","2,775","14,382"
2404880,505.,Car Dealer Simulator,"1,265","2,174","6,172"
47890,506.,The Sims™ 3,"1,261","1,687","10,505"
2225070,507.,Trackmania,"1,257","3,459","22,128"
219740,508.,Don't Starve,"1,255","2,386","16,796"
2399420,509.,Le Mans Ultimate,"1,254","6,715","8,740"
1898300,510.,ASKA,"1,253","2,592","10,713"
573090,511.,Stormworks: Build and Rescue,"1,249","1,891","6,820"
3399960,512.,Fish to Dish: Idle Sushi,"1,248","1,450","3,237"
1044720,513.,Farthest Frontier,"1,244","2,068","24,910"
21690,514.,Resident Evil 5,"1,227","1,423","2,585"
1222700,515.,A Way Out,"1,220","3,410","8,582"
613100,516.,House Flipper,"1,215","2,004","15,910"
454650,517.,DRAGON BALL XENOVERSE 2,"1,207","1,399","19,416"
977950,518.,A Dance of Fire and Ice,"1,201","2,046","9,330"
2987800,519.,Madoka Magica Magia Exedra,"1,200","2,088","3,297"
632470,520.,Disco Elysium,"1,198","2,085","8,081"
22370,521.,Fallout 3 - Game of the Year Edition,"1,197","1,391","11,471"
2943650,522.,FragPunk,"1,195","1,782","113,946"
2195250,523.,EA SPORTS FC™ 24,"1,188","2,407","107,359"
1876890,524.,Wandering Sword,"1,184","3,149","22,824"
663090,525.,Granado Espada,"1,183","1,382","4,505"
2229850,526.,Command & Conquer: Red Alert™ 2 and Yuri’s Revenge™,"1,178","1,805","6,617"
665300,527.,Stream Avatars,"1,175","1,262","2,158"
4241850,528.,Dreadmyst,"1,175","1,824","8,049"
3117820,529.,Sultan's Game,"1,172","3,101","46,106"
1238810,530.,Battlefield™ V,"1,171","4,186","116,104"
4261820,531.,Coination,"1,171","1,171","1,179"
346900,532.,AdVenture Capitalist,"1,165","1,557","22,998"
2958130,533.,Jurassic World Evolution 3,"1,162","1,906","21,387"
241930,534.,Middle-earth™: Shadow of Mordor™,"1,161","1,215","48,668"
391220,535.,Rise of the Tomb Raider,"1,161","2,533","44,588"
466170,536.,Idling to Rule the Gods,"1,154","1,321","2,783"
767560,537.,War Robots,"1,145","2,052","3,237"
1384160,538.,GUILTY GEAR -STRIVE-,"1,145","1,415","31,156"
203770,539.,Crusader Kings II,"1,140","1,767","141,439"
3556750,540.,"Warhammer 40,000: Dawn of War - Definitive Edition","1,138","2,236","18,262"
1062520,541.,Dinkum,"1,137","2,156","13,412"
1888930,542.,The Last of Us™ Part I,"1,135","2,116","36,496"
2168680,543.,Nuclear Option,"1,132","1,296","2,599"
2212330,544.,Your Only Move Is HUSTLE,"1,121","1,267","3,405"
544730,545.,Catan Universe,"1,117","1,767","7,376"
1119730,546.,Ranch Simulator,"1,115","3,014","12,624"
72850,547.,The Elder Scrolls V: Skyrim,"1,114","2,172","287,411"
2646460,548.,Soulmask,"1,114","2,144","46,833"
2904000,549.,The Spell Brigade,"1,109","2,090","14,514"
459820,550.,Crush Crush,"1,108","1,930","4,572"
581320,551.,Insurgency: Sandstorm,"1,107","1,521","14,606"
2054970,552.,Dragon's Dogma 2,"1,105","1,706","228,585"
3078390,553.,CORN,"1,104","1,472","24,503"
805550,554.,Assetto Corsa Competizione,"1,100","3,672","12,376"
3347970,555.,少女前线,"1,095","1,777","14,019"
373420,556.,Divinity: Original Sin Enhanced Edition,"1,092","2,113","7,565"
1169040,557.,Necesse,"1,087","1,554","29,440"
3167550,558.,Tiny Pasture,"1,087","1,349","19,732"
2104890,559.,RoadCraft,"1,086","2,635","33,761"
404790,560.,Godot Engine,"1,085","1,746","2,012"
4356080,561.,Burglin' Gnomes Demo,"1,080","1,537","2,060"
1850570,562.,DEATH STRANDING DIRECTOR'S CUT,"1,070","1,896","22,080"
2835570,563.,Buckshot Roulette,"1,070","1,359","20,226"
3363270,564.,Fischer's Fishing Journey,"1,066","1,428","4,219"
2495100,565.,Hello Kitty Island Adventure,"1,064","1,346","8,393"
632810,566.,Soundpad Demo,"1,058","3,592","8,651"
2379740,567.,Wizardry Variants Daphne,"1,058","2,155","5,222"
3274580,568.,Anno 117: Pax Romana,"1,056","3,375","50,484"
2081880,569.,Kathana,"1,055","1,057","1,149"
3316940,570.,The Legend of Heroes: Trails beyond the Horizon,"1,054","1,185","2,675"
1449690,571.,The Walking Dead: The Telltale Definitive Series,"1,052","1,450","7,820"
1645820,572.,SurrounDead,"1,046","1,410","10,762"
774801,573.,Crab Champions,"1,043","1,163","8,564"
1197260,574.,The Perfect Tower II,"1,036","1,373","4,904"
2333480,575.,RAID: Shadow Legends,"1,033","1,743","1,935"
880940,576.,Pummel Party,"1,032","3,466","20,957"
2336220,577.,Feed The Cups,"1,028","3,075","11,413"
1288320,578.,Way of the Hunter,"1,027","2,829","9,880"
1501750,579.,Lords of the Fallen,"1,024","1,664","43,075"
212680,580.,FTL: Faster Than Light,"1,020","1,411","19,301"
2479810,581.,Gray Zone Warfare,"1,020","1,423","72,548"
838350,582.,太吾绘卷 The Scroll Of Taiwu,"1,017","2,246","72,533"
1084600,583.,My Time at Sandrock,"1,013","1,192","21,778"
3014320,584.,OCTOPATH TRAVELER 0,"1,013","1,613","14,046"
3882730,585.,PANOPTYCA : Idle RPG Manager,"1,012","1,423","2,118"
505460,586.,Foxhole,"1,011","1,866","11,791"
1971870,587.,Mortal Kombat 1,"1,008","1,460","38,129"
391540,588.,Undertale,"1,006","1,459","11,071"
2795540,589.,The Midnight Walkers,"1,004","1,974","2,621"
1217060,590.,Gunfire Reborn,"1,003","1,543","35,263"
1477830,591.,HudSight - crosshair overlay,"1,000","3,423","4,667"
1676840,592.,For The King II,999,"1,455","28,528"
466560,593.,Northgard: Definitive Edition,993,"2,065","20,235"
287700,594.,METAL GEAR SOLID V: THE PHANTOM PAIN,981,"1,351","91,195"
1888160,595.,ARMORED CORE™ VI FIRES OF RUBICON™,971,"1,401","156,171"
690830,596.,Foundation,965,"2,123","18,448"
444090,597.,Paladins,956,"1,600","60,743"
2918300,598.,SPLITGATE: Arena Reloaded,953,999,"25,785"
1113000,599.,Persona 4 Golden,936,"1,067","29,984"
2567870,600.,Chained Together,932,"5,312","94,480"
2622000,601.,Astral Party,930,"3,867","34,387"
2277560,602.,WUCHANG: Fallen Feathers,926,"2,776","131,518"
1549250,603.,Undecember,922,"1,586","46,103"
899770,604.,Last Epoch,918,"1,302","264,708"
200210,605.,Realm of the Mad God Exalt,915,"1,168","10,051"
1056640,606.,Phantasy Star Online 2 New Genesis,911,"1,004","59,558"
359870,607.,FINAL FANTASY X/X-2 HD Remaster,907,"1,096","13,263"
1004640,608.,FINAL FANTASY TACTICS - The Ivalice Chronicles,907,"1,014","21,010"
975370,609.,Dwarf Fortress,906,"1,118","28,340"
976310,610.,Mortal Kombat 11,902,"1,578","35,147"
2524890,611.,Pixel Gun 3D: PC Edition,893,"1,452","25,014"
1371580,612.,Myth of Empires,891,"1,371","47,654"
1432860,613.,Sun Haven,886,981,"12,706"
4164420,614.,My Winter Car,884,"3,394","24,107"
2185060,615.,Two Point Museum,883,"1,418","19,439"
2103140,616.,Magicraft,875,"1,964","18,834"
1336980,617.,NOBUNAGA'S AMBITION: Awakening,874,"2,147","11,783"
242050,618.,Assassin's Creed IV Black Flag,873,"1,515","16,049"
2369390,619.,Far Cry 6,868,"2,290","20,080"
780310,620.,The Riftbreaker,863,"1,921","21,741"
2394010,621.,Palworld Dedicated Server,863,984,"35,380"
312520,622.,Rain World,856,"1,037","10,884"
1657630,623.,Slime Rancher 2,855,"1,249","21,524"
2947440,624.,SILENT HILL f,838,"1,047","22,621"
3020510,625.,Legend of Heroes: Three Kingdoms,833,"2,073","19,153"
1404210,626.,Red Dead Online,830,"1,332","19,921"
203160,627.,Tomb Raider,828,"1,490","89,538"
1562430,628.,DREDGE,824,"1,153","12,686"
1846380,629.,Need for Speed™ Unbound,822,"1,738","14,063"
3024040,630.,Stronghold Crusader: Definitive Edition,822,"3,266","16,109"
2993780,631.,FANTASY LIFE i: The Girl Who Steals Time,816,"1,269","65,389"
2784470,632.,9 Kings,815,"1,127","13,905"
678950,633.,DRAGON BALL FighterZ,813,954,"44,303"
524220,634.,NieR:Automata™,812,"1,010","23,908"
1569040,635.,Football Manager 2022,806,"1,758","88,767"
2688950,636.,Planet Coaster 2,803,"1,600","20,048"
433340,637.,Slime Rancher,802,"1,342","17,059"
2881650,638.,Content Warning,800,"1,336","204,439"
1063730,639.,New World: Aeternum,793,"1,139","913,634"
952060,640.,Resident Evil 3,790,"1,002","60,293"
211820,641.,Starbound,786,986,"88,709"
782330,642.,DOOM Eternal,785,"1,103","104,891"
3017860,643.,DOOM: The Dark Ages,785,870,"31,470"
2753900,644.,The King is Watching,783,"1,198","17,988"
625960,645.,Stoneshard,780,"1,495","10,738"
750920,646.,Shadow of the Tomb Raider,777,"1,593","38,268"
1693980,647.,Dead Space,777,"1,146","30,925"
477160,648.,Human Fall Flat,773,"3,852","127,517"
1517290,649.,Battlefield™ 2042,773,"1,534","107,376"
2072450,650.,Like a Dragon: Infinite Wealth,773,"1,389","46,161"
1845910,651.,Dragon Age™: The Veilguard,770,"1,149","89,418"
1449110,652.,The Outer Worlds 2,765,884,"18,251"
485510,653.,Nioh: Complete Edition,763,"1,378","10,649"
885970,654.,Total War: ROME REMASTERED,756,"1,431","18,526"
2338770,655.,NBA 2K24,752,"1,691","30,363"
1040200,656.,Crime Scene Cleaner,748,"1,100","13,577"
1625450,657.,Muck,744,"1,330","16,715"
601150,658.,Devil May Cry 5,743,"1,349","88,894"
311690,659.,Enter the Gungeon,741,990,"15,792"
594570,660.,Total War: WARHAMMER II,740,"1,368","84,920"
70,661.,Half-Life,732,"1,160","33,471"
1721470,662.,Poppy Playtime,727,"1,298","25,128"
1971650,663.,OCTOPATH TRAVELER II,725,"1,360","17,008"
489630,664.,"Warhammer 40,000: Gladius - Relics of War",722,"1,037","11,136"
298110,665.,Far Cry 4,720,"1,748","16,963"
3231090,666.,Amarillo's Butt Slapper,716,822,"113,068"
637650,667.,FINAL FANTASY XV WINDOWS EDITION,712,845,"29,498"
599140,668.,Graveyard Keeper,709,"1,207","16,993"
209000,669.,Batman™: Arkham Origins,706,"1,046","25,017"
447040,670.,Watch_Dogs 2,697,"1,270","18,138"
701160,671.,Kingdom Two Crowns,697,"1,189","26,623"
2217000,672.,Rivals of Aether II,691,743,"11,765"
3097560,673.,Liar's Bar,691,"1,253","113,798"
1259970,674.,eFootball PES 2021 SEASON UPDATE,687,"1,095","20,674"
412220,675.,DDNet,683,"3,334","10,726"
2119830,676.,MISERY,683,"1,013","12,291"
1385380,677.,Across the Obelisk,682,711,"14,037"
1782210,678.,Crab Game,662,949,"75,967"
2680010,679.,The First Berserker: Khazan,657,"1,112","32,929"
386180,680.,Crossout,655,"2,037","12,170"
502500,681.,ACE COMBAT™7: SKIES UNKNOWN,651,937,"13,758"
24200,682.,DC Universe Online,649,791,"17,701"
1029780,683.,Going Medieval,648,"1,198","14,676"
2508780,684.,STORY OF SEASONS: Grand Bazaar,647,909,"12,898"
1506830,685.,FIFA 22,641,"1,108","108,295"
1335830,686.,Len's Island,638,"1,094","15,912"
924970,687.,Back 4 Blood,635,"1,244","65,987"
266840,688.,Age of Mythology: Extended Edition,634,990,"11,074"
794260,689.,Outward,633,792,"11,296"
617290,690.,Remnant: From the Ashes,631,"1,357","48,289"
1057090,691.,Ori and the Will of the Wisps,629,"1,357","34,807"
1097150,692.,Fall Guys,621,730,"172,213"
2486820,693.,Sonic Racing: CrossWorlds,621,699,"13,630"
204360,694.,Castle Crashers,620,738,"16,013"
678960,695.,CODE VEIN,619,822,"33,895"
848450,696.,Subnautica: Below Zero,614,"1,159","42,115"
920210,697.,LEGO® Star Wars™: The Skywalker Saga,610,"1,028","82,517"
2893570,698.,DRAGON QUEST I & II HD-2D Remake,609,"1,137","15,608"
392110,699.,ENDLESS™ Space 2,606,"1,080","53,435"
787860,700.,Farming Simulator 19,603,"1,941","59,466"
492720,701.,Tropico 6,601,"1,271","15,294"
2551020,702.,One-armed robber,596,"1,692","13,663"
3241970,703.,Heroes of Might and Magic: Olden Era Demo,591,"1,303","24,157"
1324780,704.,Easy Red 2,584,"1,023","12,026"
1211020,705.,Wobbly Life,580,"1,339","10,421"
1465460,706.,Infection Free Zone,580,903,"19,380"
233450,707.,Prison Architect,579,"1,035","16,211"
1124300,708.,HUMANKIND™,578,"1,076","55,284"
1575940,709.,Sins of a Solar Empire II,567,708,"13,394"
1046930,710.,Dota Underlords,565,"1,116","202,334"
1928420,711.,Farlight 84,560,728,"41,396"
1171690,712.,Wayfinder,555,879,"24,712"
2373990,713.,Solo Leveling: ARISE OVERDRIVE,555,995,"12,839"
1367080,714.,MOBILE SUIT GUNDAM BATTLE OPERATION 2,554,"1,567","25,422"
1263850,715.,Football Manager 2021,548,"1,163","93,865"
500,716.,Left 4 Dead,545,646,"30,616"
1084160,717.,Jagged Alliance 3,544,"1,211","25,366"
640820,718.,Pathfinder: Kingmaker,542,884,"22,643"
1948980,719.,大侠立志传：碧血丹心,537,"1,217","28,936"
304050,720.,Trove,533,778,"58,949"
493520,721.,GTFO,533,993,"18,813"
851850,722.,DRAGON BALL Z: KAKAROT,530,725,"25,852"
1601580,723.,Frostpunk 2,529,947,"35,533"
1213210,724.,Command & Conquer™ Remastered Collection,523,"1,141","42,587"
246620,725.,Plague Inc: Evolved,522,675,"17,889"
1919590,726.,NBA 2K23,521,"1,013","59,006"
1659420,727.,UNCHARTED™: Legacy of Thieves Collection,519,"1,150","10,851"
234140,728.,Mad Max,515,"1,152","33,356"
1151640,729.,Horizon Zero Dawn™ Complete Edition,511,"1,026","56,557"
1100600,730.,Football Manager 2020,510,"1,236","189,464"
389730,731.,TEKKEN 7,507,894,"18,966"
972660,732.,Spiritfarer®: Farewell Edition,505,"1,097","11,726"
289650,733.,Assassin's Creed Unity,501,"1,067","12,180"
1817190,734.,Marvel's Spider-Man: Miles Morales,498,770,"13,539"
65800,735.,Dungeon Defenders,497,635,"21,862"
413410,736.,Danganronpa: Trigger Happy Havoc,494,897,"10,958"
286690,737.,Metro 2033 Redux,493,"1,428","50,317"
1210320,738.,Potion Craft: Alchemist Simulator,493,693,"10,161"
744900,739.,Dead Frontier 2,491,928,"10,101"
2406770,740.,Bodycam,491,730,"16,457"
1714040,741.,Super Auto Pets,489,562,"10,760"
1757300,742.,Jump Space,489,644,"22,365"
2488370,743.,Cash Cleaner Simulator,489,758,"10,747"
379720,744.,DOOM,485,723,"44,271"
109600,745.,Neverwinter,480,"1,019","14,866"
220240,746.,Far Cry® 3,479,"1,299","23,065"
218230,747.,PlanetSide 2,477,816,"29,676"
360430,748.,Mafia III: Definitive Edition,477,"1,234","47,822"
1875830,749.,Shin Megami Tensei V: Vengeance,477,778,"21,749"
1147560,750.,Skul: The Hero Slayer,476,868,"18,970"
488790,751.,South Park The Fractured But Whole,473,601,"21,609"
646910,752.,The Crew 2,473,"1,033","55,907"
365590,753.,Tom Clancy's The Division,472,753,"114,228"
242920,754.,Banished,471,671,"24,636"
2864560,755.,Rune Factory: Guardians of Azuma,469,618,"13,121"
3058630,756.,Assetto Corsa EVO,468,"1,781","25,752"
396160,757.,Secret Of Magia,462,486,"11,352"
2768430,758.,ATLYSS,459,502,"10,803"
3014080,759.,The Hundred Line -Last Defense Academy-,453,540,"10,026"
1244460,760.,Jurassic World Evolution 2,452,895,"20,993"
629760,761.,MORDHAU,451,871,"60,204"
1811260,762.,EA SPORTS™ FIFA 23,451,963,"110,878"
3146520,763.,WEBFISHING,451,497,"24,085"
200510,764.,XCOM: Enemy Unknown,450,746,"70,568"
475150,765.,Titan Quest Anniversary Edition,446,"1,254","19,497"
2625420,766.,Drive Beyond Horizons,441,939,"14,797"
2162800,767.,shapez 2,439,559,"18,806"
412020,768.,Metro Exodus,437,"1,618","15,375"
2201320,769.,Date Everything!,436,518,"14,231"
312660,770.,Sniper Elite 4,431,"1,028","17,366"
387990,771.,Scrap Mechanic,426,"1,544","46,643"
1948800,772.,Yi Xian: The Cultivation Card Game,421,817,"10,818"
213670,773.,South Park™: The Stick of Truth™,418,632,"34,811"
400,774.,Portal,413,644,"20,672"
371660,775.,Far Cry Primal,412,755,"14,783"
668580,776.,Atomic Heart,411,826,"38,469"
3183280,777.,Game of Thrones: Kingsroad,411,920,"10,727"
1238860,778.,Battlefield 4™,409,862,"12,425"
2591280,779.,F1® Manager 2024,409,925,"12,066"
1274570,780.,DEVOUR,403,935,"12,331"
1276390,781.,Bloons TD Battles 2,403,637,"17,137"
2051010,782.,プロ野球スピリッツ2024-2025,402,"1,028","10,005"
2666510,783.,Rusty's Retirement,402,452,"20,876"
2289750,784.,Super Fantasy Kingdom,400,641,"12,672"
2977660,785.,Cats,397,521,"90,669"
2408820,786.,Luma Island,395,777,"35,098"
2701660,787.,DRAGON QUEST III HD-2D Remake,394,664,"45,357"
955900,788.,Amazing Cultivation Simulator,391,792,"18,349"
2066020,789.,Soulstone Survivors,390,545,"18,854"
774171,790.,Muse Dash,386,818,"11,478"
493340,791.,Planet Coaster,385,590,"21,971"
386940,792.,Ultimate Chicken Horse,384,602,"15,874"
535930,793.,Two Point Hospital,381,836,"34,009"
307780,794.,Mortal Kombat X,372,580,"15,743"
799600,795.,Cosmoteer: Starship Architect & Commander,372,580,"13,794"
729040,796.,Borderlands GOTY Enhanced,370,464,"26,446"
2291060,797.,EARTH DEFENSE FORCE 6,370,809,"18,641"
2445690,798.,Lost Castle 2,370,"1,687","20,280"
881020,799.,Granblue Fantasy: Relink,363,728,"114,054"
2080690,800.,Sunkenland,362,643,"26,154"
42700,801.,Call of Duty: Black Ops,360,507,"63,343"
1496790,802.,Gotham Knights,360,443,"24,138"
666140,803.,My Time at Portia,358,544,"13,299"
671860,804.,BattleBit Remastered,358,527,"87,323"
273110,805.,Counter-Strike Nexon,357,567,"10,007"
367500,806.,Dragon's Dogma: Dark Arisen,357,434,"27,368"
236110,807.,Dungeon Defenders II,356,506,"18,785"
858810,808.,Dawn of Man,356,544,"23,864"
546560,809.,Half-Life: Alyx,355,732,"42,858"
205100,810.,Dishonored,354,493,"19,938"
532210,811.,Life is Strange 2,350,513,"468,717"
2218750,812.,Halls of Torment,347,445,"26,061"
1154030,813.,Titan Quest II,346,920,"27,099"
719040,814.,Wasteland 3,345,612,"24,555"
2527500,815.,MiSide,345,628,"23,741"
368260,816.,Marvel's Midnight Suns,343,419,"15,500"
834910,817.,ATLAS,341,564,"58,939"
619820,818.,Heroes of Hammerwatch II,340,378,"21,237"
1331550,819.,Big Ambitions,338,800,"10,961"
403640,820.,Dishonored 2,337,612,"22,411"
2420510,821.,HoloCure - Save the Fans!,337,480,"46,155"
768200,822.,Smalland: Survive the Wilds,333,626,"12,741"
1332010,823.,Stray,333,621,"62,963"
590380,824.,Into the Breach,332,404,"14,682"
1097840,825.,Gears 5,331,351,"10,196"
436150,826.,Governor of Poker 3,328,809,"53,943"
2488620,827.,F1® 24,326,691,"13,327"
243470,828.,Watch_Dogs,325,445,"47,887"
418460,829.,Rising Storm 2: Vietnam,324,441,"24,518"
2677660,830.,Indiana Jones and the Great Circle,324,620,"12,138"
1268750,831.,Starship Troopers: Extermination,322,493,"16,372"
2457220,832.,Avowed,319,478,"19,198"
1909950,833.,SUPER ROBOT WARS Y,317,630,"14,812"
208140,834.,ENDLESS™ Space - Definitive Edition,316,"2,136","41,263"
1030840,835.,Mafia: Definitive Edition,316,891,"36,679"
2352620,836.,Fellowship,314,724,"43,841"
1583230,837.,High On Life,310,483,"11,608"
269210,838.,Hero Siege,307,422,"10,427"
2167580,839.,Summoners War: Chronicles,306,406,"38,641"
363150,840.,Romance of the Three Kingdoms XIII,305,643,"11,909"
2634950,841.,Tokyo Xtreme Racer,304,393,"15,824"
1277400,842.,Monster Hunter Stories 2: Wings of Ruin,299,407,"34,995"
560130,843.,Pillars of Eternity II: Deadfire,289,455,"22,724"
1458140,844.,Pacific Drive,287,467,"18,507"
1273400,845.,Construction Simulator,284,783,"17,365"
224260,846.,No More Room in Hell,283,600,"10,922"
422250,847.,ShipLord,283,289,"13,869"
2163330,848.,Yet Another Zombie Survivors,280,416,"10,173"
319630,849.,Life is Strange™,278,487,"18,260"
872790,850.,Football Manager 2019,278,723,"75,982"
1282730,851.,Loop Hero,278,445,"51,156"
2273430,852.,BlazBlue Entropy Effect,278,661,"11,918"
958260,853.,DEAD OR ALIVE Xtreme Venus Vacation,277,"2,726","11,284"
261640,854.,Borderlands: The Pre-Sequel,275,342,"68,238"
65980,855.,Sid Meier's Civilization: Beyond Earth,274,415,"86,892"
10180,856.,Call of Duty: Modern Warfare 2 (2009),273,531,"22,614"
680420,857.,OUTRIDERS,272,443,"125,143"
1669980,858.,Volcano Princess,272,735,"31,057"
1418630,859.,Dread Hunger,271,"1,101","107,982"
8870,860.,BioShock Infinite,270,443,"65,332"
1296830,861.,暖雪 Warm Snow,269,789,"44,702"
201810,862.,Wolfenstein: The New Order,266,515,"11,986"
489520,863.,Minion Masters,263,397,"10,329"
1237320,864.,Sonic Frontiers,263,418,"19,181"
20900,865.,The Witcher: Enhanced Edition,262,910,"12,685"
238320,866.,Outlast,255,420,"11,827"
1286680,867.,Tiny Tina's Wonderlands,250,366,"15,021"
204880,868.,Sins of a Solar Empire: Rebellion,249,309,"93,109"
1272080,869.,PAYDAY 3,249,473,"77,938"
274170,870.,Hotline Miami 2: Wrong Number,247,500,"18,950"
291650,871.,Pillars of Eternity,247,471,"41,906"
751780,872.,Forager,243,352,"13,438"
1340990,873.,Rise of the Ronin,240,598,"12,683"
1601570,874.,The Alters,239,570,"18,120"
1113560,875.,NieR Replicant ver.1.22474487139...,238,339,"28,684"
70010,876.,Dino D-Day - Dedicated Server,237,296,"14,248"
2417610,877.,METAL GEAR SOLID Δ: SNAKE EATER,237,308,"19,634"
63220,878.,Monday Night Combat Dedicated Server,235,272,"13,061"
1611910,879.,"Warhammer 40,000: Chaos Gate - Daemonhunters",235,438,"12,455"
1592190,880.,BONELAB,234,322,"11,991"
2455640,881.,Romancing SaGa 2: Revenge of the Seven,234,551,"16,429"
20920,882.,The Witcher 2: Assassins of Kings Enhanced Edition,233,820,"12,884"
747660,883.,Five Nights at Freddy's: Security Breach,232,375,"17,219"
1430190,884.,Killing Floor 3,232,409,"30,112"
860510,885.,Little Nightmares II,231,470,"10,563"
480490,886.,Prey,228,325,"24,594"
740130,887.,Tales of Arise,228,359,"60,274"
222840,888.,Left 4 Dead Dedicated Server,226,335,"12,199"
203140,889.,Hitman: Absolution,224,582,"26,137"
641990,890.,The Escapists 2,224,493,"11,202"
1392860,891.,Little Nightmares III,223,404,"22,653"
1644960,892.,NBA 2K22,223,478,"46,661"
3205720,893.,Schedule I: Free Sample,223,605,"36,145"
1250,894.,Killing Floor,222,331,"24,107"
1262580,895.,Need for Speed™ Payback,222,495,"12,152"
859580,896.,Imperator: Rome,221,422,"41,945"
1451090,897.,Tactics Ogre: Reborn,220,297,"10,677"
207610,898.,The Walking Dead,218,330,"12,114"
3142050,899.,Warborne Above Ashes,218,325,"16,771"
464920,900.,Surviving Mars,217,402,"23,744"
871720,901.,Ultimate Custom Night,217,486,"11,320"
612880,902.,Wolfenstein II: The New Colossus,216,488,"16,141"
2198150,903.,Tiny Glade,214,312,"10,692"
872200,904.,Rogue Company,212,263,"12,189"
946050,905.,Soda Dungeon 2,211,241,"13,385"
2849080,906.,Kingdom Rush 5: Alliance TD,211,404,"21,133"
80,907.,Counter-Strike: Condition Zero,209,536,"32,748"
2334730,908.,Death Must Die,209,290,"15,905"
2909110,909.,Nuclear Nightmare,209,332,"10,441"
3061810,910.,Like a Dragon: Pirate Yakuza in Hawaii,209,341,"22,327"
544750,911.,SOULCALIBUR VI,208,213,"14,684"
1162520,912.,大富翁10(Richman 10),205,"1,107","10,791"
624090,913.,Football Manager 2018,204,556,"71,575"
1149620,914.,Gas Station Simulator,203,404,"12,229"
704270,915.,Generation Zero®,202,349,"11,416"
1307550,916.,Craftopia,200,216,"27,246"
1857090,917.,Norland,200,434,"11,866"
346010,918.,Besiege,199,339,"11,206"
736190,919.,Chinese Parents,199,441,"32,593"
875210,920.,三国群英传8 Kingdom Heroes 8,199,362,"25,160"
200710,921.,Torchlight II,198,279,"54,821"
578650,922.,The Outer Worlds,197,256,"20,349"
1433140,923.,The Texas Chain Saw Massacre,196,271,"17,198"
364360,924.,Total War: WARHAMMER,195,385,"113,019"
2407270,925.,AI Limit,195,455,"14,480"
1102190,926.,Monster Train,190,263,"14,073"
56400,927.,"Warhammer 40,000: Dawn of War II - Retribution",188,371,"15,143"
214490,928.,Alien: Isolation,186,316,"10,870"
235460,929.,METAL GEAR RISING: REVENGEANCE,183,318,"12,205"
1842810,930.,Taiko Risshiden V DX,182,402,"10,663"
17505,931.,Zombie Panic! Source Dedicated Server,181,274,"13,643"
434170,932.,The Jackbox Party Pack 3,181,366,"10,972"
482730,933.,Football Manager 2017,181,533,"72,824"
42680,934.,Call of Duty®: Modern Warfare® 3 (2011),179,377,"46,327"
259320,935.,Heli Heroes,178,179,"11,754"
1961460,936.,Project Playtime,175,406,"21,105"
1869590,937.,Omega Strikers,174,216,"19,257"
1941540,938.,Mafia: The Old Country,173,524,"35,247"
2627260,939.,Ninja Gaiden 4,173,337,"11,217"
621830,940.,WRC 7,172,504,"11,215"
292730,941.,Call of Duty: Infinite Warfare,171,222,"15,417"
3447040,942.,Sora no Kiseki the 1st,171,621,"14,295"
315210,943.,Suicide Squad: Kill the Justice League,170,220,"13,459"
712100,944.,A Total War Saga: THRONES OF BRITANNIA,170,350,"22,797"
10190,945.,Call of Duty: Modern Warfare 2 (2009) - Multiplayer,169,454,"112,874"
243750,946.,Source SDK Base 2013 Multiplayer,169,324,"184,888"
461040,947.,PICO PARK:Classic Edition,166,707,"18,798"
1254120,948.,Bless Unleashed,166,250,"76,377"
2828860,949.,The Forever Winter,166,292,"12,611"
113200,950.,The Binding of Isaac,161,268,"12,575"
1253920,951.,Rogue Legacy 2,161,201,"22,811"
503560,952.,911 Operator,159,242,"10,019"
1448440,953.,Wo Long: Fallen Dynasty,159,348,"75,906"
939960,954.,Far Cry New Dawn,156,431,"16,975"
453480,955.,Shadowverse,155,289,"24,167"
1220010,956.,Home Behind 2,155,367,"20,081"
2375550,957.,Like a Dragon Gaiden: The Man Who Erased His Name,155,254,"13,737"
2495450,958.,Winter Memories,155,403,"12,403"
2791440,959.,Brighter Shores,155,234,"21,272"
207140,960.,SpeedRunners,154,196,"17,212"
1859910,961.,活俠傳,154,448,"24,278"
15620,962.,"Warhammer 40,000: Dawn of War II - Anniversary Edition",151,321,"18,862"
378120,963.,Football Manager 2016,150,403,"82,916"
1949740,964.,Banana Shooter,150,201,"16,242"
289130,965.,ENDLESS™ Legend,149,300,"89,190"
1549970,966.,Aliens: Fireteam Elite,149,236,"15,568"
39120,967.,RIFT,147,252,"15,546"
745920,968.,Temtem,146,220,"39,572"
1509960,969.,PICO PARK,146,299,"16,802"
295270,970.,Football Manager 2015,145,385,"82,071"
447020,971.,Farming Simulator 17,144,530,"32,313"
550650,972.,Black Squad,144,333,"15,939"
648350,973.,Jurassic World Evolution,144,253,"60,296"
1337520,974.,Risk of Rain Returns,144,154,"45,141"
1928980,975.,Nightingale,143,206,"47,569"
55230,976.,Saints Row: The Third,142,267,"34,371"
206420,977.,Saints Row IV,142,232,"42,270"
291480,978.,Warface: Clutch,142,423,"13,867"
1690940,979.,DELTARUNE (Chapter 1 & 2 DEMO),142,195,"102,916"
2103130,980.,Matchmaking Inc.,142,356,"10,109"
226840,981.,Age of Wonders III,141,252,"19,469"
236430,982.,DARK SOULS™ II,141,220,"79,528"
2285150,983.,The Front,141,215,"19,585"
930210,984.,HuniePop 2: Double Date,140,144,"15,388"
1089350,985.,NBA 2K20,140,302,"48,375"
382030,986.,Yargis - Space Melee - Dedicated Server,138,261,"13,271"
823130,987.,Totally Accurate Battlegrounds,138,207,"29,438"
1113120,988.,IXION,138,268,"17,189"
3478050,989.,Road to Empress I,137,412,"17,170"
42710,990.,Call of Duty: Black Ops - Multiplayer,136,275,"118,593"
1211630,991.,The Jackbox Party Pack 7,136,256,"10,599"
310950,992.,Street Fighter V,134,185,"14,783"
532790,993.,Vampire: The Masquerade - Bloodlines 2,134,197,"27,020"
211420,994.,DARK SOULS™: Prepare To Die Edition,132,182,"11,259"
1911610,995.,Windblown,132,162,"10,179"
3716600,996.,Mage Arena,132,251,"17,404"
261570,997.,Ori and the Blind Forest,131,374,"13,108"
476600,998.,Call of Duty: WWII,127,297,"19,406"
611500,999.,Quake Champions,125,396,"17,476"
424840,1000.,Little Nightmares,123,219,"78,169"
1088850,1001.,Marvel's Guardians of the Galaxy,121,222,"10,989"
34120,1002.,Aliens vs Predator Dedicated Server,120,360,"24,768"
760160,1003.,Vampire: The Masquerade - Bloodhunt,120,234,"29,475"
202970,1004.,Call of Duty: Black Ops II,116,198,"18,277"
606880,1005.,GreedFall,116,261,"16,345"
1703340,1006.,The Stanley Parable: Ultra Deluxe,116,128,"13,802"
222880,1007.,Insurgency,113,263,"121,575"
863550,1008.,HITMAN™ 2,113,211,"361,001"
476620,1009.,Call of Duty: WWII - Multiplayer,112,281,"56,627"
1034140,1010.,Subverse,111,141,"25,318"
2215390,1011.,Five Nights at Freddy's: Secret of the Mimic,111,150,"14,644"
700600,1012.,Evil Genius 2,110,199,"37,117"
1483870,1013.,Draw & Guess,110,"2,557","41,766"
33930,1014.,Arma 2: Operation Arrowhead,108,242,"19,175"
2725260,1015.,ENDER MAGNOLIA: Bloom in the Mist,106,167,"14,134"
2134320,1016.,ENA: Dream BBQ,105,148,"10,988"
1139900,1017.,Ghostrunner,104,195,"11,294"
2996990,1018.,Flag Clicker,103,132,"12,284"
231670,1019.,Football Manager 2014,102,360,"79,105"
383180,1020.,Dead Island Riptide Definitive Edition,102,151,"20,476"
55150,1021.,"Warhammer 40,000: Space Marine - Anniversary Edition",101,173,"15,653"
250320,1022.,The Wolf Among Us,101,163,"14,321"
969990,1023.,SpongeBob SquarePants: Battle for Bikini Bottom - Rehydrated,101,167,"15,419"
996470,1024.,eFootball PES 2020,101,188,"21,018"
337000,1025.,Deus Ex: Mankind Divided™,100,252,"52,485"
323470,1026.,DRAGON BALL XENOVERSE,99,127,"22,850"
1416920,1027.,中国式网游,99,248,"12,301"
597820,1028.,BIOMUTANT,98,183,"55,048"
979690,1029.,The Ascent,98,143,"14,013"
99900,1030.,Spiral Knights,97,152,"13,143"
1672500,1031.,GUNDAM BREAKER 4,97,119,"27,110"
3358510,1032.,再刷一把2：金色传说,96,168,"12,958"
8710,1033.,STCC - The Game Demo Dedicated Server,95,285,"12,397"
728530,1034.,SD GUNDAM G GENERATION CROSS RAYS,95,193,"10,415"
285190,1035.,"Warhammer 40,000: Dawn of War III",93,181,"25,676"
57690,1036.,Tropico 4,92,157,"10,892"
270150,1037.,RUNNING WITH RIFLES,92,216,"14,149"
692850,1038.,Bloodstained: Ritual of the Night,92,158,"26,934"
841370,1039.,NBA 2K19,92,201,"29,202"
3054490,1040.,Shrimp,92,109,"16,392"
584400,1041.,Sonic Mania,91,122,"11,937"
1225330,1042.,NBA 2K21,91,189,"31,826"
1473480,1043.,A.V.A Global,91,314,"16,199"
265550,1044.,Dead Rising 3,90,114,"11,418"
1222730,1045.,STAR WARS™: Squadrons,89,115,"36,492"
1987080,1046.,Inside the Backrooms,89,325,"15,033"
244160,1047.,Homeworld Remastered Collection,88,118,"17,790"
803330,1048.,Destroy All Humans!,88,116,"12,423"
238090,1049.,Sniper Elite 3,87,238,"10,861"
593600,1050.,PixARK,86,150,"14,144"
1377580,1051.,Soulworker,86,188,"10,332"
1522820,1052.,Orcs Must Die! 3,86,198,"13,210"
383870,1053.,Firewatch,85,168,"17,568"
292000,1054.,No More Room in Hell 2,84,138,"14,980"
555570,1055.,Infestation: The New Z,83,177,"14,437"
1475810,1056.,Ghostwire: Tokyo,82,133,"14,086"
2108330,1057.,F1® 23,82,242,"14,512"
1313860,1058.,EA SPORTS™ FIFA 21,81,156,"44,388"
1566690,1059.,Outpost: Infinity Siege,81,130,"17,128"
1966900,1060.,20 Minutes Till Dawn,80,112,"12,953"
3188910,1061.,Waifu,80,139,"36,197"
113400,1062.,APB Reloaded,78,130,"11,813"
626690,1063.,Sword Art Online: Fatal Bullet,78,108,"21,727"
261030,1064.,The Walking Dead: Season Two,77,152,"18,627"
3831120,1065.,江山北望,77,227,"10,815"
204300,1066.,Awesomenauts,76,105,"12,156"
427290,1067.,Vampyr,76,171,"16,120"
8980,1068.,Borderlands GOTY,75,120,"23,655"
48000,1069.,LIMBO,75,114,"27,466"
718850,1070.,Age of Wonders: Planetfall,75,111,"10,462"
245620,1071.,Tropico 5,74,177,"13,483"
1938010,1072.,WILD HEARTS™,71,216,"28,511"
43160,1073.,Metro: Last Light Complete Edition,70,286,"37,815"
202990,1074.,Call of Duty: Black Ops II - Multiplayer,69,85,"71,228"
898750,1075.,Super Robot Wars 30,69,125,"17,005"
226320,1076.,Marvel Heroes Omega,68,107,"12,518"
1190460,1077.,DEATH STRANDING,67,124,"32,515"
2784840,1078.,EGG,67,156,"39,524"
207890,1079.,Football Manager 2013,65,247,"87,719"
411300,1080.,ELEX,65,248,"22,969"
589360,1081.,Ni no Kuni™ II: Revenant Kingdom,65,110,"10,805"
71270,1082.,Football Manager 2012,64,244,"77,630"
775500,1083.,SCARLET NEXUS,64,85,"14,516"
238460,1084.,BattleBlock Theater,62,104,"14,781"
858820,1085.,Tribes of Midgard,62,115,"30,930"
1104280,1086.,The Slormancer,62,100,"10,989"
997070,1087.,Marvel's Avengers - The Definitive Edition,61,92,"31,165"
1252330,1088.,DEATHLOOP,61,102,"20,094"
2543510,1089.,GUNTOUCHABLES,59,108,"16,284"
994280,1090.,古剑奇谭三(Gujian3),58,215,"10,183"
1094520,1091.,Sands of Salzaar,58,131,"21,047"
1692250,1092.,F1® 22,58,148,"25,172"
50130,1093.,Mafia II (Classic),57,335,"29,474"
882100,1094.,XCOM: Chimera Squad,57,100,"35,955"
3456580,1095.,RoadCraft Demo,57,146,"12,559"
242700,1096.,Injustice: Gods Among Us Ultimate Edition,56,87,"10,344"
265930,1097.,Goat Simulator,56,93,"10,108"
1035510,1098.,Ultimate Zombie Defense,56,78,"11,859"
249050,1099.,Dungeon of the ENDLESS™,55,110,"35,159"
362960,1100.,Tyranny,53,101,"15,792"
339610,1101.,FreeStyle 2: Street Basketball,52,116,"10,356"
554620,1102.,Life is Strange: Before the Storm,52,104,"16,209"
204450,1103.,Call of Juarez Gunslinger,51,109,"11,902"
884660,1104.,CRSED: Cuisine Royale,51,147,"12,266"
1507580,1105.,Enigma of Fear,50,87,"10,542"
1276790,1106.,Ruined King: A League of Legends Story™,49,70,"16,297"
1372280,1107.,MELTY BLOOD: TYPE LUMINA,49,83,"13,182"
2322560,1108.,完蛋！我被美女包围了！,49,90,"65,435"
903950,1109.,Last Oasis,48,92,"33,287"
3424520,1110.,Monster Hunter Wilds Benchmark,48,59,"48,931"
24240,1111.,PAYDAY: The Heist,47,57,"50,316"
258970,1112.,Gauntlet™,47,68,"12,730"
310560,1113.,DiRT Rally,47,170,"20,343"
313160,1114.,Farming Simulator 15,47,200,"18,711"
365450,1115.,Hacknet,47,93,"127,640"
939400,1116.,LoveChoice 拣爱,47,150,"10,241"
954850,1117.,Kerbal Space Program 2,46,85,"25,724"
1421250,1118.,Tiny Bunny,46,314,"25,465"
1515210,1119.,The Past Within,45,109,"11,642"
3564860,1120.,Stellar Blade™ Demo,45,56,"26,443"
312670,1121.,Strange Brigade,44,65,"22,426"
42690,1122.,Call of Duty®: Modern Warfare® 3 (2011) - Multiplayer,43,241,"86,832"
209160,1123.,Call of Duty: Ghosts,43,91,"13,831"
316010,1124.,Magic Duels,43,55,"14,586"
1361510,1125.,Teenage Mutant Ninja Turtles: Shredder's Revenge,43,67,"11,933"
1836120,1126.,QUICKERFLAK,43,761,"14,289"
239160,1127.,Thief,42,119,"18,352"
924980,1128.,Trials of Mana,42,78,"11,998"
9200,1129.,RAGE,40,97,"18,059"
504370,1130.,Battlerite,40,74,"45,145"
742120,1131.,DRAGON QUEST® XI: Echoes of an Elusive Age™,40,60,"11,793"
1080110,1132.,F1 2020,40,142,"24,010"
385760,1133.,NBA 2K17,39,88,"14,905"
918570,1134.,Century: Age of Ashes,39,102,"12,222"
1189630,1135.,俠之道(PathOfWuxia),39,113,"16,175"
1190340,1136.,SUPER PEOPLE,39,121,"47,392"
1342490,1137.,Daemon X Machina: Titanic Scion,39,51,"10,185"
1544020,1138.,The Callisto Protocol,39,128,"17,580"
3350200,1139.,情感反诈模拟器,39,355,"89,127"
209170,1140.,Call of Duty: Ghosts - Multiplayer,38,91,"37,268"
280790,1141.,Creativerse,38,64,"10,929"
1134570,1142.,F1 2021,38,130,"25,575"
1858630,1143.,SWORD ART ONLINE Fractured Daydream,38,96,"12,290"
324800,1144.,Shadow Warrior 2,37,70,"12,634"
2351560,1145.,Apocalypse Party,37,118,"12,972"
35450,1146.,Rising Storm/Red Orchestra 2 Multiplayer,36,196,"16,551"
548570,1147.,RAGE 2,36,88,"13,673"
774861,1148.,Project Winter,36,59,"38,794"
236870,1149.,HITMAN™,35,85,"51,650"
393420,1150.,Hurtworld,35,134,"13,333"
577800,1151.,NBA 2K18,35,87,"25,432"
3545990,1152.,美女，请别影响我成仙,35,126,"13,040"
2015270,1153.,Rotwood,34,63,"28,595"
2543180,1154.,POPUCOM,34,227,"20,919"
2786680,1155.,美女，请别影响我学习,34,104,"15,030"
824550,1156.,SD GUNDAM BATTLE ALLIANCE,33,69,"21,909"
1680880,1157.,Forspoken,33,65,"12,579"
34220,1158.,Football Manager 2011,32,141,"34,997"
44350,1159.,GRID 2,32,156,"27,339"
333930,1160.,Dirty Bomb,32,61,"13,113"
368230,1161.,Kingdom: Classic,32,78,"64,944"
569610,1162.,Distant Space,32,"1,317","26,557"
1283700,1163.,SUPERVIVE,32,77,"47,913"
446800,1164.,Transport Fever,31,141,"12,615"
623990,1165.,Tom Clancy's Rainbow Six Siege - Test Server,31,42,"20,306"
2296990,1166.,We Were Here Expeditions: The FriendShip,31,119,"22,392"
2444170,1167.,Backpack Battles Demo,31,76,"18,958"
3047030,1168.,Tapple,31,87,"40,421"
3015610,1169.,Cucumber,30,77,"15,155"
372000,1170.,Tree of Savior (English Ver.),29,206,"53,554"
67370,1171.,The Darkness II,28,40,"12,593"
201790,1172.,Orcs Must Die! 2,28,60,"16,119"
232770,1173.,POSTAL,28,196,"412,063"
274940,1174.,Depth,28,46,"10,916"
2796010,1175.,Party Club,28,81,"40,828"
63380,1176.,Sniper Elite V2,27,75,"70,456"
473690,1177.,Absolver,27,37,"18,921"
1810580,1178.,Nobody - The Turnaround,27,61,"82,511"
1818750,1179.,MultiVersus,27,36,"153,433"
2667970,1180.,100 Asian Cats,27,105,"13,382"
529180,1181.,Dark and Light,26,38,"14,089"
977880,1182.,Eastward,26,54,"13,882"
998940,1183.,隐形守护者 The Invisible Guardian,26,101,"82,345"
1504980,1184.,It Takes Two Friend's Pass,26,129,"16,827"
1543030,1185.,Sword and Fairy 7,26,104,"15,245"
235540,1186.,Warhammer: End Times - Vermintide,25,71,"24,700"
1708520,1187.,F1® Manager 2022,25,59,"25,575"
2343650,1188.,Waven,25,58,"16,084"
3132990,1189.,Black Myth: Wukong Benchmark Tool,25,56,"85,277"
2782530,1190.,Shrimp.io,24,89,"13,926"
10540,1191.,Football Manager 2009,23,99,"24,738"
50300,1192.,Spec Ops: The Line,23,59,"13,995"
102500,1193.,Kingdoms of Amalur: Reckoning™,23,30,"12,800"
213850,1194.,Magic 2014,23,28,"14,104"
234650,1195.,Shadowrun Returns,23,34,"24,329"
321040,1196.,DiRT 3 Complete Edition,23,87,"40,832"
677620,1197.,Splitgate,23,28,"67,724"
2340650,1198.,古龙风云录,23,64,"15,401"
48240,1199.,Anno 2070,22,89,"11,217"
1515950,1200.,Capcom Arcade Stadium,22,30,"488,791"
2324650,1201.,The Murder of Sonic the Hedgehog,22,38,"15,543"
3046430,1202.,Hamster,22,78,"16,988"
3050630,1203.,Melon,22,79,"15,037"
630,1204.,Alien Swarm,21,32,"60,467"
24960,1205.,Battlefield: Bad Company™ 2,21,45,"21,923"
230230,1206.,Divinity: Original Sin (Classic),21,65,"22,040"
234630,1207.,Project CARS,21,55,"10,688"
424370,1208.,Wolcen: Lords of Mayhem,21,57,"127,542"
583950,1209.,Artifact Classic,21,207,"60,646"
585690,1210.,Minimalism,21,27,"18,698"
1559390,1211.,天命奇御二 Fate Seeker II,21,52,"15,417"
1742020,1212.,Idol Showdown,21,36,"10,901"
3013470,1213.,Bananametr,21,78,"15,472"
43110,1214.,Metro 2033,20,99,"14,743"
219640,1215.,Chivalry: Medieval Warfare,20,53,"25,145"
616560,1216.,Ultimate Epic Battle Simulator,20,31,"10,326"
674020,1217.,World War 3,20,66,"11,792"
2570630,1218.,20 Small Mazes,20,25,"15,492"
3123410,1219.,Atelier Yumia: The Alchemist of Memories & the Envisioned Land,20,56,"14,067"
209650,1220.,Call of Duty: Advanced Warfare,19,58,"12,675"
444930,1221.,Zaccaria Pinball,19,45,"16,461"
1470110,1222.,Who's Your Daddy Playtest,19,105,"10,651"
234710,1223.,Poker Night 2,18,32,"11,260"
3022740,1224.,Heart Clicker,18,62,"13,176"
3273240,1225.,DYNASTY WARRIORS: ORIGINS Demo,18,39,"10,598"
308600,1226.,Skillshot City,17,32,"214,143"
2059790,1227.,再刷一把 PlayAgain,17,39,"12,812"
209660,1228.,Call of Duty: Advanced Warfare - Multiplayer,16,23,"35,017"
2231770,1229.,Resident Evil 4 Chainsaw Demo,16,51,"36,310"
57900,1230.,Duke Nukem Forever,15,46,"13,321"
438740,1231.,Friday the 13th: The Game,15,28,"16,096"
928600,1232.,F1 2019,15,74,"12,736"
2060130,1233.,Return to Monkey Island,15,69,"15,539"
3062930,1234.,Unplagued,15,22,"10,199"
622590,1235.,PUBG: Test Server,14,16,"320,178"
7520,1236.,Two Worlds II HD,13,48,"10,863"
408900,1237.,Unfortunate Spacemen,13,31,"11,823"
1213740,1238.,She Will Punish Them,13,29,"15,711"
1880330,1239.,Sanfu,13,35,"21,648"
42910,1240.,Magicka,12,35,"11,727"
49540,1241.,Aliens: Colonial Marines,12,30,"13,266"
491950,1242.,Orwell,12,27,"154,375"
654880,1243.,Dream Daddy: A Dad Dating Simulator,12,19,"14,471"
813000,1244.,PUBG: Experimental Server,12,20,"57,414"
2674810,1245.,Dragon's Dogma 2 Character Creator & Storage,12,21,"17,528"
3471350,1246.,Alpha League HD,12,22,"10,252"
28050,1247.,Deus Ex: Human Revolution,11,41,"56,010"
31280,1248.,Poker Night at the Inventory,11,15,"10,146"
34000,1249.,Football Manager 2010,11,85,"24,343"
91310,1250.,Dead Island,11,40,"35,906"
202170,1251.,Sleeping Dogs™,11,51,"12,134"
208480,1252.,Assassin's Creed® III,11,27,"15,007"
233130,1253.,Shadow Warrior,11,34,"25,890"
273350,1254.,Evolve Stage 2,11,22,"51,127"
286570,1255.,F1 2015,11,28,"88,029"
1178830,1256.,Bright Memory: Infinite,11,31,"22,076"
1435990,1257.,OUTRIDERS Demo,11,33,"55,351"
2095300,1258.,Breakout 13,11,37,"11,996"
40390,1259.,Risen 2 - Dark Waters,10,93,"10,867"
226700,1260.,Infestation: The New Beginning,10,22,"15,373"
292910,1261.,Deponia: The Complete Journey,10,55,"13,321"
1789480,1262.,Marauders,10,11,"14,332"
2381590,1263.,Only Up!,10,23,"11,239"
232050,1264.,Eador. Masters of the Broken World,9,40,"118,780"
391720,1265.,Layers of Fear (2016),9,24,"145,384"
466240,1266.,Deceit,9,58,"16,923"
1650980,1267.,Dome Keeper Demo,9,18,"14,800"
1755910,1268.,Capcom Arcade 2nd Stadium,9,20,"463,928"
3130330,1269.,Metaphor: ReFantazio - Prologue Demo,9,20,"12,828"
262280,1270.,Dungeons 2,8,31,"11,705"
278360,1271.,A Story About My Uncle,8,21,"190,590"
2305790,1272.,1v1.LOL,8,10,"11,042"
2870,1273.,X Rebirth,7,22,"14,732"
210770,1274.,Sanctum 2,7,24,"13,621"
255420,1275.,Magic 2015,7,10,"14,071"
522210,1276.,Serial Cleaner,7,15,"13,958"
2084940,1277.,Mysterious School,7,53,"14,157"
22350,1278.,BRINK,6,24,"16,824"
242720,1279.,GunZ 2: The Second Duel,6,8,"10,441"
511470,1280.,Glass Masquerade,6,18,"29,689"
1034160,1281.,Extreme Racing on Highway,6,31,"25,173"
1128000,1282.,Cube World,6,19,"35,622"
1216060,1283.,DNF DUEL,6,11,"12,331"
1836450,1284.,Monster Hunter Rise: Sunbreak Demo,6,14,"27,540"
15700,1285.,Oddworld: Abe's Oddysee,5,21,"45,049"
209670,1286.,Cortex Command,5,8,"62,839"
240760,1287.,Wasteland 2,5,23,"18,856"
241540,1288.,State of Decay,5,10,"10,079"
344760,1289.,Reign Of Kings,5,12,"13,278"
544920,1290.,Darwin Project,5,18,"12,513"
882790,1291.,天命奇御 Fate Seeker,5,41,"16,413"
1414850,1292.,Nickelodeon All-Star Brawl,5,10,"13,314"
1816670,1293.,GUNDAM EVOLUTION,5,10,"56,911"
96000,1294.,The Tiny Bang Story,4,15,"164,840"
270550,1295.,Yet Another Zombie Defense,4,13,"67,959"
301520,1296.,Robocraft,4,12,"26,725"
351940,1297.,The Descendant,4,10,"128,847"
486310,1298.,Meadow,4,14,"15,036"
489940,1299.,BATTALION: Legacy,4,33,"16,771"
490220,1300.,Prismata,4,11,"122,553"
844870,1301.,KurtzPel,4,18,"11,937"
1173690,1302.,Resident Evil 3: Raccoon City Demo,4,19,"19,716"
1832640,1303.,Mirror 2: Project X,4,11,"45,657"
2128940,1304.,人魅,4,33,"19,912"
2285240,1305.,Wo Long: Fallen Dynasty Complete Edition Demo,4,9,"57,500"
2647230,1306.,HoloParade,4,8,"11,729"
3432970,1307.,REMATCH BETA TEST,4,8,"159,865"
113020,1308.,Monaco,3,17,"41,750"
200110,1309.,Nosgoth,3,12,"11,921"
211050,1310.,Battle vs Chess,3,11,"11,353"
216250,1311.,Dead Island Riptide,3,17,"17,960"
236150,1312.,Starpoint Gemini 2,3,9,"20,842"
239220,1313.,The Mighty Quest For Epic Loot,3,4,"16,492"
241560,1314.,The Crew,3,16,"12,236"
253980,1315.,Enclave,3,12,"14,907"
323580,1316.,Jotun: Valhalla Edition,3,9,"27,501"
343710,1317.,KHOLAT,3,9,"272,019"
364210,1318.,Sierra Ops,3,4,"12,559"
370910,1319.,Kathy Rain,3,16,"348,015"
525300,1320.,Starship Annihilator,3,27,"17,248"
696370,1321.,BROKE PROTOCOL,3,14,"147,854"
755790,1322.,Ring of Elysium,3,3,"63,435"
1249800,1323.,Xuan-Yuan Sword VII,3,15,"12,320"
2087030,1324.,Shatterline,3,9,"21,760"
209080,1325.,Guns of Icarus Online,2,7,"107,883"
224600,1326.,Defiance,2,3,"12,690"
298900,1327.,Space Hulk: Deathwing,2,3,"11,499"
303390,1328.,Dead Bits,2,103,"14,137"
308040,1329.,Back to Bed,2,6,"30,771"
323370,1330.,TERA,2,3,"25,260"
334210,1331.,Fortified,2,5,"138,627"
395170,1332.,DISTRAINT: Deluxe Edition,2,8,"165,266"
439190,1333.,Stories: The Path of Destinies,2,6,"81,664"
905370,1334.,Game Migrated to Another Steam Page,2,4,"15,008"
914690,1335.,Hentai Shooter 3D,2,83,"11,995"
963330,1336.,Nya Nya Nya Girls (ʻʻʻ)_(=^･ω･^=)_(ʻʻʻ),2,10,"12,757"
1816570,1337.,江湖十一,2,12,"10,225"
24980,1338.,Mass Effect 2 (2010),1,11,"13,320"
209870,1339.,Blacklight: Retribution,1,2,"12,131"
227940,1340.,Heroes & Generals,1,16,"21,026"
247730,1341.,Nether,1,2,"10,930"
259080,1342.,Just Cause 2: Multiplayer Mod,1,10,"10,574"
269710,1343.,Tumblestone,1,8,"13,239"
305050,1344.,Outland,1,5,"16,166"
314700,1345.,Forsaken Uprising,1,2,"15,299"
329000,1346.,Data Hacker: Corruption,1,2,"20,258"
394230,1347.,Battleborn,1,4,"12,101"
418070,1348.,Turbo Pug,1,3,"15,462"
420970,1349.,RoBoRumble,1,2,"13,029"
429470,1350.,Space Pilgrim Episode I: Alpha Centauri,1,3,"16,445"
448630,1351.,Rabiez: Epidemic,1,3,"13,814"
466660,1352.,Stash,1,3,"32,094"
513590,1353.,So Many Cubes,1,1,"13,382"
559200,1354.,Danny's War,1,1,"10,216"
638070,1355.,Murderous Pursuits,1,3,"149,224"
648120,1356.,Pixel Sketch,1,2,"14,105"
797410,1357.,Headsnatchers,1,3,"23,574"
813820,1358.,Realm Royale Reforged,1,5,"105,440"
836620,1359.,Black Desert (Retired),1,3,"14,584"
1006510,1360.,Devotion,1,8,"13,943"
1150080,1361.,Azur Lane: Crosswave,1,9,"10,413"
1504570,1362.,太荒初境,1,7,"36,315"
1531430,1363.,Paragon: The Overprime,1,1,"32,524"
2407300,1364.,Asteroids ++,1,2,"14,467"
2641470,1365.,Spectre Divide,1,4,"30,971"
2845270,1366.,100 Aliens Cats,1,5,"14,154"
3165720,1367.,Fellowship Playtest,1,5,"18,609"
3448280,1368.,Gothic 1 Remake - Demo (Nyras Prologue),1,25,"10,222"
47900,1369.,Dragon Age II (Retired),0,0,"19,324"
50280,1370.,Mafia II - Demo,0,2,"15,864"
71280,1371.,Football Manager 2012 Demo,0,0,"17,196"
203190,1372.,SteamDB Unknown App 203190,0,0,"22,001"
204260,1373.,Trine 2 Demo,0,0,"12,862"
205790,1374.,Dota 2 Test,0,0,"33,726"
208090,1375.,Loadout,0,1,"29,424"
215790,1376.,Dream Pinball 3D,0,"3,123","11,060"
222160,1377.,"Hamlet or the last game without MMORPG features, shaders and product placement",0,1,"10,714"
224540,1378.,Ace of Spades,0,3,"16,309"
227700,1379.,Firefall,0,0,"13,397"
243870,1380.,SteamDB Unknown App 243870,0,0,"21,777"
245550,1381.,Free to Play,0,2,"53,002"
251410,1382.,Dark Matter,0,1,"27,035"
252150,1383.,Grimm,0,36,"30,886"
252850,1384.,Streamline,0,1,"10,513"
259360,1385.,Chicken Shoot 2,0,3,"10,351"
265590,1386.,The Red Solstice,0,12,"82,980"
272350,1387.,SteamDB Unknown App 272350,0,0,"19,406"
279720,1388.,The I of the Dragon,0,6,"11,612"
280640,1389.,Dark Shadows - Army of Evil,0,0,"39,883"
285800,1390.,Braveland,0,3,"218,169"
294040,1391.,Loot Hero DX,0,2,"14,306"
295110,1392.,Just Survive,0,2,"40,335"
311860,1393.,Data Hacker: Initiation,0,2,"14,518"
319830,1394.,AX:EL,0,2,"35,956"
339900,1395.,One Night,0,0,"11,607"
340820,1396.,Yelaxot,0,1,"12,974"
347560,1397.,Terra Incognita Chapter One: The Descendant,0,1,"13,352"
350470,1398.,DOOM Open Beta,0,0,"19,692"
368420,1399.,Mirage: Arcane Warfare,0,3,"43,152"
382120,1400.,Journey To The Center Of The Earth,0,1,"13,027"
385070,1401.,Atonement: Scourge of Time,0,1,"18,727"
385080,1402.,Guardians of Victoria,0,1,"10,374"
388520,1403.,Call of Duty: Black Ops III Beta,0,0,"32,020"
391660,1404.,Incitement 3,0,0,"15,408"
402390,1405.,Hyperdrive Massacre,0,2,"181,308"
406090,1406.,Enigmoon,0,1,"13,753"
412210,1407.,Warfront Defenders,0,1,"27,044"
412290,1408.,The Dreamlord,0,1,"16,985"
413510,1409.,The Extinction,0,1,"10,554"
414460,1410.,Tom Clancy's The Division - Beta,0,0,"66,254"
437220,1411.,The Culling,0,2,"12,995"
438020,1412.,AI: Rampage,0,1,"14,532"
438180,1413.,Super Mustache,0,2,"11,227"
442080,1414.,Riders of Icarus,0,2,"17,162"
444480,1415.,Broken Dreams,0,1,"10,797"
444490,1416.,POLYWAR,0,0,"21,240"
444690,1417.,TRAPPED,0,0,"61,109"
447920,1418.,Drift (Over) Drive,0,0,"25,457"
448940,1419.,Envoy 2,0,1,"244,375"
457930,1420.,Starship: Nova Strike,0,2,"10,118"
459910,1421.,30 IMPOSSIBLE LEVELS,0,1,"22,078"
473500,1422.,Vianiato PopOut,0,0,"10,631"
473580,1423.,Wyatt Derp 2: Peacekeeper,0,1,"11,750"
473620,1424.,Winged Knights: Penetration,0,1,"10,800"
473650,1425.,Withering Kingdom: Arcane War,0,2,"41,833"
495570,1426.,ConflictCraft,0,3,"10,025"
495630,1427.,The Divine Paradox,0,0,"12,118"
504490,1428.,The God's Chain,0,1,"17,097"
506540,1429.,Last Man Standing,0,1,"11,857"
506670,1430.,ORBITAL,0,1,"11,882"
509000,1431.,QUBIC,0,1,"12,260"
510840,1432.,Evolvation,0,4,"172,870"
513740,1433.,Joana's Life,0,2,"12,547"
513780,1434.,Turbo Pug DX,0,3,"40,590"
528670,1435.,Elems,0,1,"12,590"
546660,1436.,Operation Breakout®,0,1,"10,734"
550040,1437.,Steep Open Beta,0,0,"11,181"
555940,1438.,Fairyland: Fairy Power,0,0,"11,571"
560380,1439.,MapleStory 2,0,1,"42,467"
562710,1440.,Western Adventure,0,0,"11,573"
565860,1441.,Tomato Way,0,1,"12,550"
566060,1442.,The Crypts of Anak Shaba - VR,0,0,"18,381"
567940,1443.,Piximalism,0,0,"16,350"
572600,1444.,For Honor Open Beta,0,0,"72,047"
576120,1445.,Purgatory II,0,1,"27,211"
576880,1446.,Blackwater Bayou VR,0,1,"39,010"
584210,1447.,Tom Clancy's Ghost Recon Wildlands Open Beta,0,0,"33,114"
587210,1448.,Skull Rush,0,1,"13,740"
587790,1449.,Deadly Animal Duel,0,1,"28,967"
587830,1450.,Archery Practice VR,0,1,"18,888"
592490,1451.,Cat survival,0,0,"10,653"
601280,1452.,Village Story,0,0,"12,507"
603770,1453.,- Arcane RERaise -,0,2,"10,122"
603780,1454.,- Arcane preRaise -,0,1,"11,466"
619340,1455.,EGOS - Tales of Fallen Souls,0,1,"14,034"
626630,1456.,Two Worlds II HD - Call of the Tenebrae,0,1,"11,811"
630100,1457.,SoulWorker,0,1,"11,017"
647410,1458.,Goodbye My King,0,1,"13,432"
656880,1459.,Cybercube,0,3,"15,394"
681660,1460.,Bless Online,0,0,"34,392"
696790,1461.,Call of Duty: WWII - PC Open Beta,0,0,"84,832"
717690,1462.,OVERKILL's The Walking Dead,0,2,"14,375"
737010,1463.,Warhammer: Vermintide 2 Closed Test,0,0,"10,588"
779360,1464.,Instant Death,0,2,"19,900"
809960,1465.,Radical Heights,0,0,"12,757"
834150,1466.,Glare1more,0,1,"35,059"
841860,1467.,#Have A Sticker,0,0,"17,360"
868270,1468.,The Cycle: Frontier,0,4,"40,854"
873240,1469.,Hentai Memory,0,1,"10,925"
893030,1470.,Music Racer,0,4,"18,509"
927350,1471.,Hood: Outlaws & Legends,0,1,"11,536"
961440,1472.,"Resident Evil 2 ""1-Shot Demo""",0,1,"10,811"
1008080,1473.,SYNCED,0,2,"10,272"
1015520,1474.,Cardinal Preview,0,0,"33,858"
1035930,1475.,Nyasha,0,255,"32,033"
1057240,1476.,Crucible,0,1,"25,145"
1077410,1477.,Hentai Sweet Girls,0,3,"11,905"
1079310,1478.,Elemental Girls,0,11,"28,636"
1111030,1479.,Hentai Bad Girls,0,2,"23,438"
1183940,1480.,Scavengers,0,1,"16,787"
1205550,1481.,New World Public Test Realm,0,1,"200,856"
1260390,1482.,Hentai Furry,0,3,"20,153"
1294660,1483.,Divine Knockout (DKO),0,2,"12,491"
1301350,1484.,Party Animals Demo,0,0,"135,843"
1358820,1485.,Marvel’s Avengers Beta,0,0,"18,908"
1364020,1486.,Boundary,0,1,"24,840"
1372880,1487.,The Day Before,0,0,"38,104"
1373970,1488.,Anvil Empires - Massive Battle Stress Test,0,0,"12,014"
1385510,1489.,Back 4 Blood Beta,0,0,"122,659"
1401390,1490.,Party Animals Playtest,0,0,"36,571"
1418100,1491.,Swords of Legends Online,0,1,"18,806"
1419640,1492.,Project F,0,2,"18,920"
1446850,1493.,Hentai Furry 2,0,2,"11,495"
1478540,1494.,Bless Unleashed - Beta Test,0,0,"44,799"
1487290,1495.,NARAKA: BLADEPOINT Demo,0,0,"186,589"
1530870,1496.,Knockout City™ Cross-Play Beta,0,0,"12,931"
1541780,1497.,Resident Evil Village Gameplay Demo,0,0,"18,263"
1582170,1498.,Knockout City™ Trial,0,1,"20,146"
1584640,1499.,NARAKA: BLADEPOINT Playtest,0,0,"148,931"
1600360,1500.,The Cycle Playtest,0,0,"15,919"
1611740,1501.,BattleBit Remastered Playtest,0,0,"32,383"
1619990,1502.,SUPER PEOPLE Testing Grounds,0,0,"54,670"
1638720,1503.,Battlefield™ 2042 Open Beta,0,0,"156,665"
1641480,1504.,MONSTER HUNTER RISE DEMO,0,0,"23,991"
1642370,1505.,Terra Nil Demo,0,0,"96,520"
1671080,1506.,Icarus Beta,0,0,"12,119"
1674470,1507.,ELYON,0,1,"15,541"
1675900,1508.,Warlander,0,2,"23,428"
1692190,1509.,MOBILE SUIT GUNDAM BATTLE OPERATION 2　 Network Test,0,0,"10,667"
1724660,1510.,New World: Aeternum Open Beta,0,0,"141,668"
1793660,1511.,Lost Ark Closed Technical Beta,0,0,"88,075"
1820120,1512.,Nobody - The Turnaround Demo,0,0,"45,157"
1840560,1513.,Paragon: The Overprime Final Test,0,0,"30,218"
1843080,1514.,GUNDAM EVOLUTION Playtest,0,0,"11,298"
1851210,1515.,Strinova Demo,0,0,"14,894"
1886120,1516.,Voice of Chernobyl,0,4,"14,280"
1952120,1517.,Street Fighter™ 6 - Open Beta,0,0,"32,787"
1979310,1518.,VEILED EXPERTS FINAL BETA,0,0,"11,926"
1993130,1519.,弈仙牌 Demo,0,0,"10,182"
1995770,1520.,Sapiens Demo,0,0,"16,868"
2013570,1521.,Cult of the Lamb Demo,0,0,"17,740"
2023830,1522.,Terra Invicta Demo,0,0,"13,642"
2074930,1523.,The First Descendant Final Technical Test,0,0,"77,591"
2075730,1524.,Call of Duty®: Modern Warfare® II - Open Beta,0,0,"168,330"
2076040,1525.,THE FINALS PLAYTEST,0,0,"267,874"
2078890,1526.,Dark and Darker Playtest,0,0,"69,533"
2081110,1527.,Undecember Demo,0,0,"16,539"
2107670,1528.,Warhaven,0,0,"10,456"
2122820,1529.,Manor Lords Demo,0,0,"13,083"
2126550,1530.,The Outlast Trials Closed Beta,0,0,"16,179"
2156210,1531.,"Warhammer 40,000: Darktide Closed Beta",0,0,"45,576"
2206460,1532.,Furry Killer,0,1,"31,000"
2258570,1533.,Dark and Darker Demo,0,0,"108,520"
2334160,1534.,Lies of P Demo,0,0,"15,761"
2385860,1535.,TEKKEN 8 Playtest,0,0,"15,035"
2427520,1536.,ARC Raiders Playtest,0,0,"189,668"
2429660,1537.,Throne and Liberty - Open Beta,0,0,"61,154"
2448970,1538.,Dungeonborne,0,2,"39,325"
2452260,1539.,Dungeonborne Playtest,0,0,"14,448"
2478210,1540.,PAYDAY 3 - Beta,0,0,"35,468"
2497550,1541.,Summum Aeterna: Prologue,0,0,"10,503"
2526720,1542.,Extremely Powerful Capybaras: Training Grounds,0,0,"10,060"
2674820,1543.,Granblue Fantasy Versus: Rising Playtest,0,0,"10,579"
2696030,1544.,Broken Arrow Playtest,0,0,"16,570"
2700330,1545.,Dungeonborne Demo,0,0,"19,091"
2709440,1546.,Delta Force Alpha Test,0,0,"21,806"
2756310,1547.,偏差者 Demo,0,0,"12,319"
2781320,1548.,SMITE 2 - Public Test,0,2,"15,919"
2827560,1549.,100 Romantic Cats,0,6,"15,018"
2845250,1550.,100 Istanbul Cats,0,5,"11,585"
2854290,1551.,100 Space Cats,0,4,"14,146"
2870990,1552.,Mecha BREAK Demo,0,0,"317,522"
2889840,1553.,Spectre Divide Playtest,0,0,"21,171"
2932930,1554.,100 Korea Cats,0,6,"14,037"
2936120,1555.,Marvel Rivals Playtest,0,1,"52,671"
2943730,1556.,FragPunk Playtest,0,0,"22,331"
2947380,1557.,Clickout,0,0,"13,236"
2951290,1558.,Delta Force Demo,0,1,"39,770"
2958310,1559.,Once Human Demo,0,0,"19,487"
2989720,1560.,Item Tower,0,0,"13,650"
3016800,1561.,Mecha BREAK Playtest,0,0,"51,382"
3065170,1562.,Monster Hunter Wilds Beta test,0,0,"463,798"
3081410,1563.,Battlefield™ 6 Open Beta,0,0,"521,079"
3092450,1564.,inZOI: Creative Studio,0,2,"18,657"
3152030,1565.,SUPERVIVE Demo,0,0,"16,887"
3241280,1566.,POPUCOM Demo,0,0,"14,271"
3404800,1567.,Chrono Odyssey Playtest,0,0,"65,752"
3487890,1568.,Fellowship Demo,0,0,"16,721"
3513700,1569.,Scarlet Idol Demo,0,3,"24,718"
3525400,1570.,Quarantine Zone: The Last Check Demo,0,0,"17,100"
3526590,1571.,Killing Floor 3 Playtest,0,0,"12,866"
3529590,1572.,Among Us 3D Demo,0,0,"11,234"
3576170,1573.,Vindictus: Defying Fate Demo,0,0,"40,911"
3601350,1574.,Sonic Racing: CrossWorlds Open Network Test,0,0,"18,094"
3624190,1575.,Dune: Awakening Beta Weekend,0,0,"37,889"
3727950,1576.,Wildgate - Open Beta,0,0,"14,575"
